DateTime,Number of Transactions,Price
2015-08-07 0:00:00,2035,1.83735
2015-08-08 0:00:00,2344,1.575
2015-08-09 0:00:00,1312,1.2
2015-08-10 0:00:00,2027,1.2
2015-08-11 0:00:00,4955,0.9252
2015-08-12 0:00:00,2009,1.0975
2015-08-13 0:00:00,2834,1.57
2015-08-14 0:00:00,3166,1.945
2015-08-15 0:00:00,2269,1.645
2015-08-16 0:00:00,2438,1.145
2015-08-17 0:00:00,2512,1.42
2015-08-18 0:00:00,2493,1.255
2015-08-19 0:00:00,3215,1.175
2015-08-20 0:00:00,2301,1.38
2015-08-21 0:00:00,3906,1.485
2015-08-22 0:00:00,3574,1.42
2015-08-23 0:00:00,4187,1.355
2015-08-24 0:00:00,4432,1.295
2015-08-25 0:00:00,4470,1.25
2015-08-26 0:00:00,4153,1.175
2015-08-27 0:00:00,5550,1.165
2015-08-28 0:00:00,4757,1.22
2015-08-29 0:00:00,4138,1.225
2015-08-30 0:00:00,4571,1.26
2015-08-31 0:00:00,5194,1.11
2015-09-01 0:00:00,5141,1.345
2015-09-02 0:00:00,5189,1.255
2015-09-03 0:00:00,4766,1.235
2015-09-04 0:00:00,5624,1.34
2015-09-05 0:00:00,5509,1.3
2015-09-06 0:00:00,5516,1.365
2015-09-07 0:00:00,5696,1.31
2015-09-08 0:00:00,5611,1.27
2015-09-09 0:00:00,5599,1.235
2015-09-10 0:00:00,5331,1.165
2015-09-11 0:00:00,6456,1.0571
2015-09-12 0:00:00,5582,1.0371
2015-09-13 0:00:00,6044,1.01685
2015-09-14 0:00:00,5570,0.9236
2015-09-15 0:00:00,5406,0.902
2015-09-16 0:00:00,5866,0.9463
2015-09-17 0:00:00,5365,0.88005
2015-09-18 0:00:00,5782,0.86615
2015-09-19 0:00:00,5199,0.84565
2015-09-20 0:00:00,6380,0.885
2015-09-21 0:00:00,6303,0.91855
2015-09-22 0:00:00,6802,0.87355
2015-09-23 0:00:00,7376,0.85795
2015-09-24 0:00:00,6218,0.855
2015-09-25 0:00:00,5846,0.74115
2015-09-26 0:00:00,5904,0.7254
2015-09-27 0:00:00,5747,0.7355
2015-09-28 0:00:00,6115,0.65235
2015-09-29 0:00:00,5737,0.5908
2015-09-30 0:00:00,5866,0.6223
2015-10-01 0:00:00,6419,0.6841
2015-10-02 0:00:00,6052,0.6604
2015-10-03 0:00:00,6112,0.67215
2015-10-04 0:00:00,6624,0.6421
2015-10-05 0:00:00,6240,0.60865
2015-10-06 0:00:00,6456,0.6301
2015-10-07 0:00:00,7113,0.6055
2015-10-08 0:00:00,6926,0.62
2015-10-09 0:00:00,6761,0.60265
2015-10-10 0:00:00,6529,0.69255
2015-10-11 0:00:00,6023,0.5993
2015-10-12 0:00:00,6571,0.6345
2015-10-13 0:00:00,6815,0.6258
2015-10-14 0:00:00,6818,0.55085
2015-10-15 0:00:00,6472,0.5216
2015-10-16 0:00:00,6769,0.5436
2015-10-17 0:00:00,6564,0.53
2015-10-18 0:00:00,6462,0.5125
2015-10-19 0:00:00,6597,0.49355
2015-10-20 0:00:00,5894,0.46025
2015-10-21 0:00:00,6174,0.44595
2015-10-22 0:00:00,5962,0.51
2015-10-23 0:00:00,6861,0.5545
2015-10-24 0:00:00,6354,0.53305
2015-10-25 0:00:00,5813,0.62875
2015-10-26 0:00:00,5910,0.663
2015-10-27 0:00:00,6750,0.8011
2015-10-28 0:00:00,7340,0.915
2015-10-29 0:00:00,7780,1.08585
2015-10-30 0:00:00,7909,1.23
2015-10-31 0:00:00,7522,1.0038
2015-11-01 0:00:00,6893,0.9288
2015-11-02 0:00:00,6543,1.01765
2015-11-03 0:00:00,7393,0.95125
2015-11-04 0:00:00,7033,0.92935
2015-11-05 0:00:00,7488,0.8995
2015-11-06 0:00:00,7874,0.88995
2015-11-07 0:00:00,10975,0.89735
2015-11-08 0:00:00,12394,0.94725
2015-11-09 0:00:00,7688,0.985
2015-11-10 0:00:00,8142,0.95
2015-11-11 0:00:00,10217,0.835
2015-11-12 0:00:00,9368,0.825
2015-11-13 0:00:00,7886,0.86975
2015-11-14 0:00:00,7206,0.8918
2015-11-15 0:00:00,7166,0.89695
2015-11-16 0:00:00,7436,0.7931
2015-11-17 0:00:00,7145,0.9612
2015-11-18 0:00:00,7363,0.975
2015-11-19 0:00:00,8872,0.96
2015-11-20 0:00:00,6347,0.925
2015-11-21 0:00:00,6820,0.94
2015-11-22 0:00:00,7083,0.92635
2015-11-23 0:00:00,8260,0.92
2015-11-24 0:00:00,7149,0.93
2015-11-25 0:00:00,7097,0.89
2015-11-26 0:00:00,7278,0.86275
2015-11-27 0:00:00,6639,0.885
2015-11-28 0:00:00,6792,0.895
2015-11-29 0:00:00,6849,0.88
2015-11-30 0:00:00,8957,0.8737
2015-12-01 0:00:00,6782,0.8654
2015-12-02 0:00:00,6496,0.835
2015-12-03 0:00:00,6946,0.81395
2015-12-04 0:00:00,6878,0.8323
2015-12-05 0:00:00,6772,0.8525
2015-12-06 0:00:00,9080,0.8475
2015-12-07 0:00:00,7138,0.80395
2015-12-08 0:00:00,6690,0.8388
2015-12-09 0:00:00,7000,0.80715
2015-12-10 0:00:00,7416,0.824
2015-12-11 0:00:00,8097,0.835
2015-12-12 0:00:00,8202,0.9299
2015-12-13 0:00:00,7411,0.9292
2015-12-14 0:00:00,15525,0.9764
2015-12-15 0:00:00,20359,0.98
2015-12-16 0:00:00,10294,0.95
2015-12-17 0:00:00,9599,0.88655
2015-12-18 0:00:00,9029,0.92
2015-12-19 0:00:00,9273,0.9064
2015-12-20 0:00:00,9591,0.98175
2015-12-21 0:00:00,12061,0.99
2015-12-22 0:00:00,21023,0.93995
2015-12-23 0:00:00,22737,0.92985
2015-12-24 0:00:00,13492,0.86995
2015-12-25 0:00:00,9519,0.86845
2015-12-26 0:00:00,10722,0.925
2015-12-27 0:00:00,21864,0.879
2015-12-28 0:00:00,12362,0.879
2015-12-29 0:00:00,11349,0.86665
2015-12-30 0:00:00,21672,0.8945
2015-12-31 0:00:00,10301,0.92955
2016-01-01 0:00:00,8232,0.9336
2016-01-02 0:00:00,9164,0.93735
2016-01-03 0:00:00,9258,0.9603
2016-01-04 0:00:00,9469,0.9415
2016-01-05 0:00:00,16424,0.9504
2016-01-06 0:00:00,17059,0.9406
2016-01-07 0:00:00,22063,0.945
2016-01-08 0:00:00,10916,0.9625
2016-01-09 0:00:00,11774,0.9817
2016-01-10 0:00:00,10320,0.9951
2016-01-11 0:00:00,10890,1.05
2016-01-12 0:00:00,10860,1.15
2016-01-13 0:00:00,16158,1.145
2016-01-14 0:00:00,10648,1.13
2016-01-15 0:00:00,9868,1.245
2016-01-16 0:00:00,10660,1.26
2016-01-17 0:00:00,9743,1.26
2016-01-18 0:00:00,12916,1.43
2016-01-19 0:00:00,13416,1.345
2016-01-20 0:00:00,10609,1.415
2016-01-21 0:00:00,10728,1.505
2016-01-22 0:00:00,13845,1.54
2016-01-23 0:00:00,11020,1.71
2016-01-24 0:00:00,12793,1.7
2016-01-25 0:00:00,17111,2.465
2016-01-26 0:00:00,16508,2.525
2016-01-27 0:00:00,18727,2.34
2016-01-28 0:00:00,16754,2.425
2016-01-29 0:00:00,16381,2.41
2016-01-30 0:00:00,14648,2.485
2016-01-31 0:00:00,14163,2.37
2016-02-01 0:00:00,14187,2.16
2016-02-02 0:00:00,14279,2.285
2016-02-03 0:00:00,14269,2.42
2016-02-04 0:00:00,14371,2.645
2016-02-05 0:00:00,15246,2.53
2016-02-06 0:00:00,31399,2.525
2016-02-07 0:00:00,14260,2.755
2016-02-08 0:00:00,14704,2.995
2016-02-09 0:00:00,15515,3.555
2016-02-10 0:00:00,17128,4.24
2016-02-11 0:00:00,21425,4.91
2016-02-12 0:00:00,18089,5.76
2016-02-13 0:00:00,19322,4.935
2016-02-14 0:00:00,16617,4.955
2016-02-15 0:00:00,17148,5.24
2016-02-16 0:00:00,17522,4.72
2016-02-17 0:00:00,19943,4.14
2016-02-18 0:00:00,16939,4.035
2016-02-19 0:00:00,18386,4.405
2016-02-20 0:00:00,16680,4.365
2016-02-21 0:00:00,17102,4.315
2016-02-22 0:00:00,18160,5.17
2016-02-23 0:00:00,18078,5.66
2016-02-24 0:00:00,18840,6.005
2016-02-25 0:00:00,19486,6.095
2016-02-26 0:00:00,21036,6
2016-02-27 0:00:00,18957,6.125
2016-02-28 0:00:00,19037,6.345
2016-02-29 0:00:00,20331,6.31
2016-03-01 0:00:00,21757,6.925
2016-03-02 0:00:00,23547,8.47
2016-03-03 0:00:00,24813,9.12
2016-03-04 0:00:00,24274,9.115
2016-03-05 0:00:00,27101,10.875
2016-03-06 0:00:00,27646,10.825
2016-03-07 0:00:00,23256,10.265
2016-03-08 0:00:00,24094,9.69
2016-03-09 0:00:00,24549,10.8
2016-03-10 0:00:00,24781,11.15
2016-03-11 0:00:00,23104,11.01
2016-03-12 0:00:00,27784,12.255
2016-03-13 0:00:00,28101,13.59
2016-03-14 0:00:00,28516,12.75
2016-03-15 0:00:00,29227,11.725
2016-03-16 0:00:00,27555,13.275
2016-03-17 0:00:00,33507,11.6
2016-03-18 0:00:00,31797,9.78
2016-03-19 0:00:00,34762,10.495
2016-03-20 0:00:00,32429,10.185
2016-03-21 0:00:00,32494,10.96
2016-03-22 0:00:00,32858,11.575
2016-03-23 0:00:00,31764,11.73
2016-03-24 0:00:00,36919,11.66
2016-03-25 0:00:00,36737,10.955
2016-03-26 0:00:00,36606,10.98
2016-03-27 0:00:00,29950,10.6
2016-03-28 0:00:00,33572,11.065
2016-03-29 0:00:00,33835,11.495
2016-03-30 0:00:00,36498,11.67
2016-03-31 0:00:00,32224,11.73
2016-04-01 0:00:00,33286,11.58
2016-04-02 0:00:00,29332,11.51
2016-04-03 0:00:00,29577,11.55
2016-04-04 0:00:00,34527,11.31
2016-04-05 0:00:00,39098,10.635
2016-04-06 0:00:00,31764,10.69
2016-04-07 0:00:00,31819,10.35
2016-04-08 0:00:00,33992,9.955
2016-04-09 0:00:00,31903,9.525
2016-04-10 0:00:00,32226,8.275
2016-04-11 0:00:00,30319,8.47
2016-04-12 0:00:00,34664,7.935
2016-04-13 0:00:00,35614,7.88
2016-04-14 0:00:00,34763,8.44
2016-04-15 0:00:00,34939,8.365
2016-04-16 0:00:00,30475,8.36
2016-04-17 0:00:00,40186,9.235
2016-04-18 0:00:00,33478,8.985
2016-04-19 0:00:00,32615,8.9
2016-04-20 0:00:00,32916,8.635
2016-04-21 0:00:00,37171,8.35
2016-04-22 0:00:00,31637,8.015
2016-04-23 0:00:00,31836,8.13
2016-04-24 0:00:00,34030,8.135
2016-04-25 0:00:00,35395,7.685
2016-04-26 0:00:00,32328,7.35
2016-04-27 0:00:00,33267,7.66
2016-04-28 0:00:00,33432,7.52
2016-04-29 0:00:00,36109,7.455
2016-04-30 0:00:00,44323,8.475
2016-05-01 0:00:00,38305,8.805
2016-05-02 0:00:00,41263,9.59
2016-05-03 0:00:00,37617,9.39
2016-05-04 0:00:00,37335,9.595
2016-05-05 0:00:00,37136,9.62
2016-05-06 0:00:00,40307,9.52
2016-05-07 0:00:00,35647,9.27
2016-05-08 0:00:00,39894,9.225
2016-05-09 0:00:00,38284,9.45
2016-05-10 0:00:00,40373,9.36
2016-05-11 0:00:00,40476,9.69
2016-05-12 0:00:00,44523,10.18
2016-05-13 0:00:00,47127,10.58
2016-05-14 0:00:00,45186,10.2
2016-05-15 0:00:00,42802,10.19
2016-05-16 0:00:00,37193,10.665
2016-05-17 0:00:00,40046,11.815
2016-05-18 0:00:00,45784,13.23
2016-05-19 0:00:00,44309,13.835
2016-05-20 0:00:00,44907,14.185
2016-05-21 0:00:00,43406,13.465
2016-05-22 0:00:00,38740,14.035
2016-05-23 0:00:00,43516,13.86
2016-05-24 0:00:00,42703,12.855
2016-05-25 0:00:00,46196,12.36
2016-05-26 0:00:00,50837,12.475
2016-05-27 0:00:00,48413,11.36
2016-05-28 0:00:00,69221,11.28
2016-05-29 0:00:00,45338,11.9
2016-05-30 0:00:00,42529,12.395
2016-05-31 0:00:00,44119,13.355
2016-06-01 0:00:00,42064,13.83
2016-06-02 0:00:00,39563,13.85
2016-06-03 0:00:00,39679,13.745
2016-06-04 0:00:00,37753,13.62
2016-06-05 0:00:00,37728,13.695
2016-06-06 0:00:00,38870,13.875
2016-06-07 0:00:00,45983,14.16
2016-06-08 0:00:00,40247,14.53
2016-06-09 0:00:00,39693,14.55
2016-06-10 0:00:00,39994,14.13
2016-06-11 0:00:00,36798,13.965
2016-06-12 0:00:00,42472,14.755
2016-06-13 0:00:00,46033,16.465
2016-06-14 0:00:00,49930,17.755
2016-06-15 0:00:00,42879,18.15
2016-06-16 0:00:00,43306,19.78
2016-06-17 0:00:00,66089,17.415
2016-06-18 0:00:00,62637,12.735
2016-06-19 0:00:00,50934,12.04
2016-06-20 0:00:00,46956,11.515
2016-06-21 0:00:00,47028,11.92
2016-06-22 0:00:00,48340,14.27
2016-06-23 0:00:00,41669,13.195
2016-06-24 0:00:00,45171,13.96
2016-06-25 0:00:00,36586,14.255
2016-06-26 0:00:00,41571,13.945
2016-06-27 0:00:00,39574,14.015
2016-06-28 0:00:00,42998,12.75
2016-06-29 0:00:00,49811,12.285
2016-06-30 0:00:00,63841,12.47
2016-07-01 0:00:00,40035,12.1
2016-07-02 0:00:00,39238,12.085
2016-07-03 0:00:00,39653,11.855
2016-07-04 0:00:00,39912,11.275
2016-07-05 0:00:00,39216,10.195
2016-07-06 0:00:00,37860,10.615
2016-07-07 0:00:00,40364,10.145
2016-07-08 0:00:00,42426,10.815
2016-07-09 0:00:00,40265,11.09
2016-07-10 0:00:00,39289,10.955
2016-07-11 0:00:00,38491,10.565
2016-07-12 0:00:00,40762,10.635
2016-07-13 0:00:00,35696,10.53
2016-07-14 0:00:00,42780,11.03
2016-07-15 0:00:00,41048,12.02
2016-07-16 0:00:00,38002,11.81
2016-07-17 0:00:00,33904,11.315
2016-07-18 0:00:00,39152,11.28
2016-07-19 0:00:00,44155,11.525
2016-07-20 0:00:00,50399,12.2
2016-07-21 0:00:00,44736,12.47
2016-07-22 0:00:00,48307,13.815
2016-07-23 0:00:00,44859,14.63
2016-07-24 0:00:00,58023,13.415
2016-07-25 0:00:00,54626,13.235
2016-07-26 0:00:00,61722,12.82
2016-07-27 0:00:00,52791,12.625
2016-07-28 0:00:00,48225,12.78
2016-07-29 0:00:00,47093,12.745
2016-07-30 0:00:00,41898,12.705
2016-07-31 0:00:00,48649,12.05
2016-08-01 0:00:00,45129,11.1
2016-08-02 0:00:00,48885,9.115
2016-08-03 0:00:00,49334,9.365
2016-08-04 0:00:00,46670,10.89
2016-08-05 0:00:00,43149,11.025
2016-08-06 0:00:00,41437,10.715
2016-08-07 0:00:00,42897,10.945
2016-08-08 0:00:00,42892,11.16
2016-08-09 0:00:00,46953,11.8
2016-08-10 0:00:00,46226,12.265
2016-08-11 0:00:00,48117,11.97
2016-08-12 0:00:00,44351,11.81
2016-08-13 0:00:00,41027,11.66
2016-08-14 0:00:00,40530,11.395
2016-08-15 0:00:00,42229,11.2
2016-08-16 0:00:00,48870,11.205
2016-08-17 0:00:00,44761,10.97
2016-08-18 0:00:00,47506,10.905
2016-08-19 0:00:00,42777,10.745
2016-08-20 0:00:00,41183,11.015
2016-08-21 0:00:00,42399,11.135
2016-08-22 0:00:00,44094,11.205
2016-08-23 0:00:00,48330,11.045
2016-08-24 0:00:00,46755,11.045
2016-08-25 0:00:00,49714,11.17
2016-08-26 0:00:00,47075,11.315
2016-08-27 0:00:00,47777,11.22
2016-08-28 0:00:00,42425,11.095
2016-08-29 0:00:00,45288,10.965
2016-08-30 0:00:00,46735,11.12
2016-08-31 0:00:00,45581,11.44
2016-09-01 0:00:00,47204,12.075
2016-09-02 0:00:00,54718,12.145
2016-09-03 0:00:00,44638,11.98
2016-09-04 0:00:00,47990,11.71
2016-09-05 0:00:00,42507,11.71
2016-09-06 0:00:00,48736,11.605
2016-09-07 0:00:00,48438,11.68
2016-09-08 0:00:00,55689,11.505
2016-09-09 0:00:00,53145,11.525
2016-09-10 0:00:00,42735,11.775
2016-09-11 0:00:00,43115,11.89
2016-09-12 0:00:00,44905,11.79
2016-09-13 0:00:00,42417,11.98
2016-09-14 0:00:00,53699,11.91
2016-09-15 0:00:00,52323,12.015
2016-09-16 0:00:00,56731,12.35
2016-09-17 0:00:00,46273,12.675
2016-09-18 0:00:00,37294,12.605
2016-09-19 0:00:00,40442,12.76
2016-09-20 0:00:00,53971,13.835
2016-09-21 0:00:00,44431,14.01
2016-09-22 0:00:00,52274,13.105
2016-09-23 0:00:00,34292,13.27
2016-09-24 0:00:00,38576,13.015
2016-09-25 0:00:00,37724,12.98
2016-09-26 0:00:00,42456,12.98
2016-09-27 0:00:00,45150,13.065
2016-09-28 0:00:00,42587,13.31
2016-09-29 0:00:00,40308,13.235
2016-09-30 0:00:00,35560,13.225
2016-10-01 0:00:00,45591,13.185
2016-10-02 0:00:00,43641,13.225
2016-10-03 0:00:00,46567,13.345
2016-10-04 0:00:00,56009,13.395
2016-10-05 0:00:00,39923,13.265
2016-10-06 0:00:00,36399,12.925
2016-10-07 0:00:00,42503,12.79
2016-10-08 0:00:00,36217,12.4
2016-10-09 0:00:00,42574,12.19
2016-10-10 0:00:00,44095,11.875
2016-10-11 0:00:00,40883,11.965
2016-10-12 0:00:00,29932,11.885
2016-10-13 0:00:00,32229,11.92
2016-10-14 0:00:00,41639,11.95
2016-10-15 0:00:00,24619,11.87
2016-10-16 0:00:00,34683,11.955
2016-10-17 0:00:00,37704,11.91
2016-10-18 0:00:00,50652,12.425
2016-10-19 0:00:00,30081,12.265
2016-10-20 0:00:00,40782,12.095
2016-10-21 0:00:00,57644,12.05
2016-10-22 0:00:00,37680,12.03
2016-10-23 0:00:00,35250,11.995
2016-10-24 0:00:00,52392,11.955
2016-10-25 0:00:00,47406,11.52
2016-10-26 0:00:00,45068,11.49
2016-10-27 0:00:00,44021,11.39
2016-10-28 0:00:00,41423,11.265
2016-10-29 0:00:00,39896,10.335
2016-10-30 0:00:00,39309,10.85
2016-10-31 0:00:00,44895,11.25
2016-11-01 0:00:00,48667,10.755
2016-11-02 0:00:00,43429,10.925
2016-11-03 0:00:00,42255,10.915
2016-11-04 0:00:00,32510,10.975
2016-11-05 0:00:00,37616,11.095
2016-11-06 0:00:00,34311,11.025
2016-11-07 0:00:00,41897,10.945
2016-11-08 0:00:00,41483,10.9
2016-11-09 0:00:00,40241,10.495
2016-11-10 0:00:00,39630,10.585
2016-11-11 0:00:00,40049,10.43
2016-11-12 0:00:00,40353,9.99
2016-11-13 0:00:00,43084,10.03
2016-11-14 0:00:00,43353,10.035
2016-11-15 0:00:00,44754,10.065
2016-11-16 0:00:00,41172,10.115
2016-11-17 0:00:00,40207,9.975
2016-11-18 0:00:00,43213,9.705
2016-11-19 0:00:00,38696,9.605
2016-11-20 0:00:00,41458,9.63
2016-11-21 0:00:00,42088,9.54
2016-11-22 0:00:00,52890,9.88
2016-11-23 0:00:00,63803,9.82
2016-11-24 0:00:00,36772,9.255
2016-11-25 0:00:00,55681,9.46
2016-11-26 0:00:00,40696,9.37
2016-11-27 0:00:00,44383,8.99
2016-11-28 0:00:00,48138,8.8
2016-11-29 0:00:00,46232,8.255
2016-11-30 0:00:00,38429,8.4
2016-12-01 0:00:00,36928,8.47
2016-12-02 0:00:00,41419,7.87
2016-12-03 0:00:00,40569,7.785
2016-12-04 0:00:00,38843,7.67
2016-12-05 0:00:00,40796,7.065
2016-12-06 0:00:00,47297,6.885
2016-12-07 0:00:00,41563,7.97
2016-12-08 0:00:00,38830,8.545
2016-12-09 0:00:00,40605,8.31
2016-12-10 0:00:00,39735,8.295
2016-12-11 0:00:00,38326,8.155
2016-12-12 0:00:00,38455,8.375
2016-12-13 0:00:00,44471,8.425
2016-12-14 0:00:00,46414,8.335
2016-12-15 0:00:00,45209,7.975
2016-12-16 0:00:00,43072,7.845
2016-12-17 0:00:00,38530,7.67
2016-12-18 0:00:00,35711,7.8
2016-12-19 0:00:00,44996,7.745
2016-12-20 0:00:00,43742,7.65
2016-12-21 0:00:00,49739,7.765
2016-12-22 0:00:00,54195,7.7
2016-12-23 0:00:00,43420,7.345
2016-12-24 0:00:00,36820,7.23
2016-12-25 0:00:00,35648,7.205
2016-12-26 0:00:00,34233,7.14
2016-12-27 0:00:00,41324,7.185
2016-12-28 0:00:00,42312,7.375
2016-12-29 0:00:00,45391,8
2016-12-30 0:00:00,43379,8.235
2016-12-31 0:00:00,40792,8.075
2017-01-01 0:00:00,38609,8.28
2017-01-02 0:00:00,39485,8.25
2017-01-03 0:00:00,45298,9.06
2017-01-04 0:00:00,50588,10.1
2017-01-05 0:00:00,49530,10.35
2017-01-06 0:00:00,43696,9.93
2017-01-07 0:00:00,43458,9.795
2017-01-08 0:00:00,42449,10.03
2017-01-09 0:00:00,45910,10.39
2017-01-10 0:00:00,47852,10.455
2017-01-11 0:00:00,44118,10.105
2017-01-12 0:00:00,49214,9.685
2017-01-13 0:00:00,49443,9.685
2017-01-14 0:00:00,40745,9.77
2017-01-15 0:00:00,40473,9.86
2017-01-16 0:00:00,43997,9.835
2017-01-17 0:00:00,45471,10.045
2017-01-18 0:00:00,43805,10.185
2017-01-19 0:00:00,43395,10.345
2017-01-20 0:00:00,45420,10.53
2017-01-21 0:00:00,42043,10.77
2017-01-22 0:00:00,46051,10.805
2017-01-23 0:00:00,44802,10.795
2017-01-24 0:00:00,49036,10.68
2017-01-25 0:00:00,45284,10.525
2017-01-26 0:00:00,46746,10.575
2017-01-27 0:00:00,46619,10.54
2017-01-28 0:00:00,45112,10.505
2017-01-29 0:00:00,42421,10.5
2017-01-30 0:00:00,45246,10.595
2017-01-31 0:00:00,43542,10.665
2017-02-01 0:00:00,44405,10.7
2017-02-02 0:00:00,43542,10.745
2017-02-03 0:00:00,42286,10.75
2017-02-04 0:00:00,45022,11.14
2017-02-05 0:00:00,46190,11.245
2017-02-06 0:00:00,46895,11.285
2017-02-07 0:00:00,51421,11.405
2017-02-08 0:00:00,50957,11.355
2017-02-09 0:00:00,47776,11.01
2017-02-10 0:00:00,52084,11.125
2017-02-11 0:00:00,46458,11.365
2017-02-12 0:00:00,45197,11.415
2017-02-13 0:00:00,55768,11.34
2017-02-14 0:00:00,58124,12.685
2017-02-15 0:00:00,54905,13.155
2017-02-16 0:00:00,49574,12.85
2017-02-17 0:00:00,49342,12.81
2017-02-18 0:00:00,49321,12.8
2017-02-19 0:00:00,48158,12.83
2017-02-20 0:00:00,50036,12.69
2017-02-21 0:00:00,58317,12.545
2017-02-22 0:00:00,50287,12.76
2017-02-23 0:00:00,47499,12.97
2017-02-24 0:00:00,54027,13.005
2017-02-25 0:00:00,53165,13.375
2017-02-26 0:00:00,51660,14.01
2017-02-27 0:00:00,52513,15.195
2017-02-28 0:00:00,60035,15.97
2017-03-01 0:00:00,59627,16.665
2017-03-02 0:00:00,70566,18.11
2017-03-03 0:00:00,64195,19.435
2017-03-04 0:00:00,58626,19.375
2017-03-05 0:00:00,56844,18.75
2017-03-06 0:00:00,56907,19.65
2017-03-07 0:00:00,62456,19.165
2017-03-08 0:00:00,55174,17.72
2017-03-09 0:00:00,64127,17.035
2017-03-10 0:00:00,64997,18.125
2017-03-11 0:00:00,64673,20.18
2017-03-12 0:00:00,66532,22.505
2017-03-13 0:00:00,81391,27.17
2017-03-14 0:00:00,76931,28.395
2017-03-15 0:00:00,81023,31.815
2017-03-16 0:00:00,109725,40.655
2017-03-17 0:00:00,106380,44.715
2017-03-18 0:00:00,89811,37.935
2017-03-19 0:00:00,84484,39.475
2017-03-20 0:00:00,80070,43.22
2017-03-21 0:00:00,84117,42.74
2017-03-22 0:00:00,78652,40.75
2017-03-23 0:00:00,82220,42.425
2017-03-24 0:00:00,87623,48.255
2017-03-25 0:00:00,84216,50.605
2017-03-26 0:00:00,79333,50.065
2017-03-27 0:00:00,94330,50.025
2017-03-28 0:00:00,84038,49.525
2017-03-29 0:00:00,92746,52.025
2017-03-30 0:00:00,95909,52.495
2017-03-31 0:00:00,102835,49.525
2017-04-01 0:00:00,80324,50.21
2017-04-02 0:00:00,88431,49.365
2017-04-03 0:00:00,99867,45.625
2017-04-04 0:00:00,85983,43.625
2017-04-05 0:00:00,87153,45.805
2017-04-06 0:00:00,94747,43.43
2017-04-07 0:00:00,92536,43.08
2017-04-08 0:00:00,71907,43.97
2017-04-09 0:00:00,74141,43.76
2017-04-10 0:00:00,75162,43.53
2017-04-11 0:00:00,75647,43.95
2017-04-12 0:00:00,80044,45.575
2017-04-13 0:00:00,83854,48.59
2017-04-14 0:00:00,80900,48.315
2017-04-15 0:00:00,74375,54.46
2017-04-16 0:00:00,70436,48.385
2017-04-17 0:00:00,72313,48.05
2017-04-18 0:00:00,82985,49
2017-04-19 0:00:00,84633,48.68
2017-04-20 0:00:00,85190,48.535
2017-04-21 0:00:00,80357,48.775
2017-04-22 0:00:00,73081,48.46
2017-04-23 0:00:00,76846,48.415
2017-04-24 0:00:00,79381,49.565
2017-04-25 0:00:00,92634,50.2
2017-04-26 0:00:00,89318,52.31
2017-04-27 0:00:00,103999,57.925
2017-04-28 0:00:00,104790,67.965
2017-04-29 0:00:00,90993,70.825
2017-04-30 0:00:00,94556,75.27
2017-05-01 0:00:00,111417,77.665
2017-05-02 0:00:00,108896,77.94
2017-05-03 0:00:00,97020,78.18
2017-05-04 0:00:00,114258,87.325
2017-05-05 0:00:00,108101,92.385
2017-05-06 0:00:00,94736,93.08
2017-05-07 0:00:00,105969,79.555
2017-05-08 0:00:00,116573,87.19
2017-05-09 0:00:00,112175,82.325
2017-05-10 0:00:00,108881,88.155
2017-05-11 0:00:00,116184,88.16
2017-05-12 0:00:00,106360,86.86
2017-05-13 0:00:00,100373,85.2
2017-05-14 0:00:00,100554,88.015
2017-05-15 0:00:00,121812,90.525
2017-05-16 0:00:00,115329,88.93
2017-05-17 0:00:00,136862,85.695
2017-05-18 0:00:00,135379,91.395
2017-05-19 0:00:00,159613,112.6
2017-05-20 0:00:00,129645,124.84
2017-05-21 0:00:00,148310,135.16
2017-05-22 0:00:00,175054,157.42
2017-05-23 0:00:00,185231,165.55
2017-05-24 0:00:00,185286,184.48
2017-05-25 0:00:00,181537,188.48
2017-05-26 0:00:00,167598,169.615
2017-05-27 0:00:00,148124,141.895
2017-05-28 0:00:00,153808,169.435
2017-05-29 0:00:00,157223,181.55
2017-05-30 0:00:00,189967,208.955
2017-05-31 0:00:00,201783,223.985
2017-06-01 0:00:00,196287,221.76
2017-06-02 0:00:00,192359,222.325
2017-06-03 0:00:00,173467,222.6
2017-06-04 0:00:00,176499,236.61
2017-06-05 0:00:00,187883,245.06
2017-06-06 0:00:00,196588,257.31
2017-06-07 0:00:00,203622,255.485
2017-06-08 0:00:00,185436,255.83
2017-06-09 0:00:00,213325,269.25
2017-06-10 0:00:00,211542,315.305
2017-06-11 0:00:00,238642,332.8
2017-06-12 0:00:00,283747,364.6
2017-06-13 0:00:00,277048,379.6
2017-06-14 0:00:00,247995,355.425
2017-06-15 0:00:00,257854,306.36
2017-06-16 0:00:00,240756,338.835
2017-06-17 0:00:00,239079,355.59
2017-06-18 0:00:00,241123,360.23
2017-06-19 0:00:00,281940,355.08
2017-06-20 0:00:00,282261,344.455
2017-06-21 0:00:00,184832,245.665
2017-06-22 0:00:00,267235,320.805
2017-06-23 0:00:00,271560,325.575
2017-06-24 0:00:00,234177,314.505
2017-06-25 0:00:00,228207,281.64
2017-06-26 0:00:00,310578,251.55
2017-06-27 0:00:00,249519,249.055
2017-06-28 0:00:00,260502,292.38
2017-06-29 0:00:00,259915,304.085
2017-06-30 0:00:00,249348,287.865
2017-07-01 0:00:00,235306,267.495
2017-07-02 0:00:00,242078,273.745
2017-07-03 0:00:00,296176,278.475
2017-07-04 0:00:00,274519,273.765
2017-07-05 0:00:00,266278,263.865
2017-07-06 0:00:00,254326,268.06
2017-07-07 0:00:00,290214,251.205
2017-07-08 0:00:00,245000,239.655
2017-07-09 0:00:00,222526,244.19
2017-07-10 0:00:00,292500,214.15
2017-07-11 0:00:00,283359,195.685
2017-07-12 0:00:00,274589,204.34
2017-07-13 0:00:00,251166,209.93
2017-07-14 0:00:00,240921,194.845
2017-07-15 0:00:00,226299,183.83
2017-07-16 0:00:00,245056,152.275
2017-07-17 0:00:00,242807,172.255
2017-07-18 0:00:00,264793,217.155
2017-07-19 0:00:00,265517,215.615
2017-07-20 0:00:00,246674,215.135
2017-07-21 0:00:00,230250,223.04
2017-07-22 0:00:00,202932,225.925
2017-07-23 0:00:00,257432,227.235
2017-07-24 0:00:00,254470,226.8
2017-07-25 0:00:00,240165,209.31
2017-07-26 0:00:00,220422,201.195
2017-07-27 0:00:00,221180,202.305
2017-07-28 0:00:00,241644,196.85
2017-07-29 0:00:00,195643,193.63
2017-07-30 0:00:00,204095,202
2017-07-31 0:00:00,245945,196.155
2017-08-01 0:00:00,214951,216.91
2017-08-02 0:00:00,227858,222.345
2017-08-03 0:00:00,233534,222.96
2017-08-04 0:00:00,253035,223.59
2017-08-05 0:00:00,256914,239.095
2017-08-06 0:00:00,261758,262.005
2017-08-07 0:00:00,275647,265.9
2017-08-08 0:00:00,313214,283.245
2017-08-09 0:00:00,276014,296.925
2017-08-10 0:00:00,331562,299.7
2017-08-11 0:00:00,349683,303.15
2017-08-12 0:00:00,326255,311.425
2017-08-13 0:00:00,328333,298.455
2017-08-14 0:00:00,397980,300.52
2017-08-15 0:00:00,401458,285.545
2017-08-16 0:00:00,389796,291.975
2017-08-17 0:00:00,407710,304.31
2017-08-18 0:00:00,420865,296.845
2017-08-19 0:00:00,368873,291.22
2017-08-20 0:00:00,303309,293.63
2017-08-21 0:00:00,383936,320.185
2017-08-22 0:00:00,355284,311.24
2017-08-23 0:00:00,364673,319.13
2017-08-24 0:00:00,341617,322.295
2017-08-25 0:00:00,343193,330.965
2017-08-26 0:00:00,294424,330.3
2017-08-27 0:00:00,311888,340.36
2017-08-28 0:00:00,351707,342.955
2017-08-29 0:00:00,380759,361.21
2017-08-30 0:00:00,391627,379.025
2017-08-31 0:00:00,368060,385.265
2017-09-01 0:00:00,379731,391.005
2017-09-02 0:00:00,322747,360.455
2017-09-03 0:00:00,295918,353.435
2017-09-04 0:00:00,432302,316.2
2017-09-05 0:00:00,428911,300.17
2017-09-06 0:00:00,479519,329.795
2017-09-07 0:00:00,433250,331.14
2017-09-08 0:00:00,451565,314.255
2017-09-09 0:00:00,374188,301.39
2017-09-10 0:00:00,320863,293.23
2017-09-11 0:00:00,359019,298.45
2017-09-12 0:00:00,395091,301.065
2017-09-13 0:00:00,357766,275.775
2017-09-14 0:00:00,373536,251.355
2017-09-15 0:00:00,428559,234.225
2017-09-16 0:00:00,357346,259.085
2017-09-17 0:00:00,285216,252.88
2017-09-18 0:00:00,357478,279.525
2017-09-19 0:00:00,331883,287.925
2017-09-20 0:00:00,311589,285.73
2017-09-21 0:00:00,308900,269.675
2017-09-22 0:00:00,265300,262.51
2017-09-23 0:00:00,250432,273.15
2017-09-24 0:00:00,260956,285.395
2017-09-25 0:00:00,294410,289.745
2017-09-26 0:00:00,296123,291.45
2017-09-27 0:00:00,300573,300.235
2017-09-28 0:00:00,319348,304.21
2017-09-29 0:00:00,316386,291.665
2017-09-30 0:00:00,282736,299.115
2017-10-01 0:00:00,272083,300.115
2017-10-02 0:00:00,296150,298.735
2017-10-03 0:00:00,316572,293.39
2017-10-04 0:00:00,293740,292.065
2017-10-05 0:00:00,297647,292.1
2017-10-06 0:00:00,302080,301.375
2017-10-07 0:00:00,279462,309.375
2017-10-08 0:00:00,288000,310.825
2017-10-09 0:00:00,320362,298.33
2017-10-10 0:00:00,338855,299.115
2017-10-11 0:00:00,330939,301.15
2017-10-12 0:00:00,349572,305.21
2017-10-13 0:00:00,365826,322.995
2017-10-14 0:00:00,318306,340.485
2017-10-15 0:00:00,312437,330.14
2017-10-16 0:00:00,364700,342.645
2017-10-17 0:00:00,462780,322.495
2017-10-18 0:00:00,411181,302.145
2017-10-19 0:00:00,396230,310.505
2017-10-20 0:00:00,434230,306.985
2017-10-21 0:00:00,359983,297.005
2017-10-22 0:00:00,360165,298.29
2017-10-23 0:00:00,385514,284.605
2017-10-24 0:00:00,415239,295.62
2017-10-25 0:00:00,399647,294.91
2017-10-26 0:00:00,398293,296.035
2017-10-27 0:00:00,392625,295.57
2017-10-28 0:00:00,355482,294.08
2017-10-29 0:00:00,375196,301.68
2017-10-30 0:00:00,433820,307.76
2017-10-31 0:00:00,474478,307.13
2017-11-01 0:00:00,496610,296.635
2017-11-02 0:00:00,514207,284.96
2017-11-03 0:00:00,470402,295.995
2017-11-04 0:00:00,386010,299.35
2017-11-05 0:00:00,386767,297.355
2017-11-06 0:00:00,431743,299.53
2017-11-07 0:00:00,446833,295.605
2017-11-08 0:00:00,463866,304.875
2017-11-09 0:00:00,449701,317.525
2017-11-10 0:00:00,442974,306.59
2017-11-11 0:00:00,382177,308.155
2017-11-12 0:00:00,423695,307.35
2017-11-13 0:00:00,431514,311.965
2017-11-14 0:00:00,464392,325.8
2017-11-15 0:00:00,520555,335.03
2017-11-16 0:00:00,475954,328.375
2017-11-17 0:00:00,483621,330.19
2017-11-18 0:00:00,445079,338.145
2017-11-19 0:00:00,447577,357.605
2017-11-20 0:00:00,514314,363.55
2017-11-21 0:00:00,507872,362.14
2017-11-22 0:00:00,526818,370.79
2017-11-23 0:00:00,518414,400.18
2017-11-24 0:00:00,513751,439.28
2017-11-25 0:00:00,550048,470.395
2017-11-26 0:00:00,505705,461.31
2017-11-27 0:00:00,596210,475.95
2017-11-28 0:00:00,626956,469.185
2017-11-29 0:00:00,643874,462.395
2017-11-30 0:00:00,630407,428.475
2017-12-01 0:00:00,597201,441.995
2017-12-02 0:00:00,594790,460.54
2017-12-03 0:00:00,648574,463.565
2017-12-04 0:00:00,653313,459.4
2017-12-05 0:00:00,624190,459.655
2017-12-06 0:00:00,757728,435
2017-12-07 0:00:00,623678,419.505
2017-12-08 0:00:00,714824,435.715
2017-12-09 0:00:00,658526,477.725
2017-12-10 0:00:00,672129,450.54
2017-12-11 0:00:00,789400,477.68
2017-12-12 0:00:00,833816,588.91
2017-12-13 0:00:00,879389,674.48
2017-12-14 0:00:00,915803,706.985
2017-12-15 0:00:00,882150,655.61
2017-12-16 0:00:00,862240,698.445
2017-12-17 0:00:00,856466,712.2
2017-12-18 0:00:00,961533,739.585
2017-12-19 0:00:00,1067595,818.24
2017-12-20 0:00:00,968285,771.975
2017-12-21 0:00:00,1054175,800.1
2017-12-22 0:00:00,1085010,642.22
2017-12-23 0:00:00,899649,699.315
2017-12-24 0:00:00,747267,649.095
2017-12-25 0:00:00,742382,709.535
2017-12-26 0:00:00,803048,739.13
2017-12-27 0:00:00,900402,736.6
2017-12-28 0:00:00,935769,706.345
2017-12-29 0:00:00,1073388,732.7
2017-12-30 0:00:00,1121552,702.775
2017-12-31 0:00:00,931658,716.53
2018-01-01 0:00:00,895443,744.815
2018-01-02 0:00:00,1136659,819.39
2018-01-03 0:00:00,1222128,899.8
2018-01-04 0:00:00,1335062,949.235
2018-01-05 0:00:00,1250725,976.175
2018-01-06 0:00:00,1202750,984.23
2018-01-07 0:00:00,1125169,1060.525
2018-01-08 0:00:00,1194430,1098.045
2018-01-09 0:00:00,1238194,1217
2018-01-10 0:00:00,1159247,1298.035
2018-01-11 0:00:00,1152234,1217.385
2018-01-12 0:00:00,1092688,1187.335
2018-01-13 0:00:00,1145357,1341.935
2018-01-14 0:00:00,1044318,1328.4
2018-01-15 0:00:00,1163959,1326.21
2018-01-16 0:00:00,1238347,1073.25
2018-01-17 0:00:00,1247495,940.205
2018-01-18 0:00:00,1171157,1021.73
2018-01-19 0:00:00,1001247,1033.12
2018-01-20 0:00:00,941785,1100.72
2018-01-21 0:00:00,992010,1079.315
2018-01-22 0:00:00,948947,1000.64
2018-01-23 0:00:00,902635,964.485
2018-01-24 0:00:00,896105,1009.785
2018-01-25 0:00:00,772158,1062.31
2018-01-26 0:00:00,939271,1031.36
2018-01-27 0:00:00,816918,1077.88
2018-01-28 0:00:00,874071,1171.045
2018-01-29 0:00:00,891035,1195.925
2018-01-30 0:00:00,891742,1103.95
2018-01-31 0:00:00,859413,1071.875
2018-02-01 0:00:00,951995,1055.165
2018-02-02 0:00:00,959898,887.165
2018-02-03 0:00:00,798869,921.39
2018-02-04 0:00:00,786853,876.205
2018-02-05 0:00:00,861839,743.45
2018-02-06 0:00:00,876389,682.96
2018-02-07 0:00:00,804544,788.28
2018-02-08 0:00:00,666878,797.44
2018-02-09 0:00:00,771435,830.86
2018-02-10 0:00:00,830130,862.705
2018-02-11 0:00:00,759100,816.935
2018-02-12 0:00:00,815161,842.97
2018-02-13 0:00:00,731079,845.685
2018-02-14 0:00:00,727841,881.62
2018-02-15 0:00:00,758842,926.59
2018-02-16 0:00:00,680754,927.385
2018-02-17 0:00:00,750582,954.89
2018-02-18 0:00:00,715652,943.72
2018-02-19 0:00:00,781798,933.61
2018-02-20 0:00:00,851817,918.07
2018-02-21 0:00:00,816459,862.34
2018-02-22 0:00:00,735139,830.12
2018-02-23 0:00:00,708514,835.195
2018-02-24 0:00:00,712683,842.68
2018-02-25 0:00:00,668290,834.035
2018-02-26 0:00:00,720074,857.09
2018-02-27 0:00:00,676242,878.32
2018-02-28 0:00:00,697138,869.045
2018-03-01 0:00:00,661918,863.465
2018-03-02 0:00:00,725289,863.275
2018-03-03 0:00:00,655700,860.15
2018-03-04 0:00:00,624660,852.85
2018-03-05 0:00:00,733498,859.04
2018-03-06 0:00:00,695129,827.345
2018-03-07 0:00:00,767973,775.85
2018-03-08 0:00:00,674283,730.675
2018-03-09 0:00:00,636326,686.26
2018-03-10 0:00:00,578337,713.235
2018-03-11 0:00:00,596263,699.295
2018-03-12 0:00:00,659595,709
2018-03-13 0:00:00,672880,696.69
2018-03-14 0:00:00,652958,645.04
2018-03-15 0:00:00,641715,596.27
2018-03-16 0:00:00,643204,605.645
2018-03-17 0:00:00,582151,576.61
2018-03-18 0:00:00,671334,507.055
2018-03-19 0:00:00,689528,537.455
2018-03-20 0:00:00,647810,541.89
2018-03-21 0:00:00,666378,567.84
2018-03-22 0:00:00,606894,547.115
2018-03-23 0:00:00,661504,525.315
2018-03-24 0:00:00,600250,532.76
2018-03-25 0:00:00,511743,524.7
2018-03-26 0:00:00,613984,496.84
2018-03-27 0:00:00,572444,469.17
2018-03-28 0:00:00,566147,452.775
2018-03-29 0:00:00,573285,414.425
2018-03-30 0:00:00,622105,388.08
2018-03-31 0:00:00,567818,405.52
2018-04-01 0:00:00,527091,379.405
2018-04-02 0:00:00,587562,384.96
2018-04-03 0:00:00,632600,403.775
2018-04-04 0:00:00,616575,393.885
2018-04-05 0:00:00,683194,377.355
2018-04-06 0:00:00,637615,374.645
2018-04-07 0:00:00,523873,383.38
2018-04-08 0:00:00,580964,394.6
2018-04-09 0:00:00,595016,409.605
2018-04-10 0:00:00,558657,405.055
2018-04-11 0:00:00,596385,422.205
2018-04-12 0:00:00,677041,456.055
2018-04-13 0:00:00,713374,505.525
2018-04-14 0:00:00,596453,501.19
2018-04-15 0:00:00,604642,518.55
2018-04-16 0:00:00,649819,518.325
2018-04-17 0:00:00,726546,511.275
2018-04-18 0:00:00,686718,514.155
2018-04-19 0:00:00,797392,546.005
2018-04-20 0:00:00,815466,590.06
2018-04-21 0:00:00,731938,600.62
2018-04-22 0:00:00,735118,618.05
2018-04-23 0:00:00,786145,633.99
2018-04-24 0:00:00,798782,677.85
2018-04-25 0:00:00,782166,648.245
2018-04-26 0:00:00,777094,633.16
2018-04-27 0:00:00,746480,663.395
2018-04-28 0:00:00,758446,666.78
2018-04-29 0:00:00,738639,682.115
2018-04-30 0:00:00,762528,678.455
2018-05-01 0:00:00,697127,651.455
2018-05-02 0:00:00,771443,676.495
2018-05-03 0:00:00,820775,736.745
2018-05-04 0:00:00,983005,782.15
2018-05-05 0:00:00,770568,803.76
2018-05-06 0:00:00,674534,793.905
2018-05-07 0:00:00,761467,742.885
2018-05-08 0:00:00,797639,747.87
2018-05-09 0:00:00,802288,734.845
2018-05-10 0:00:00,823555,744.935
2018-05-11 0:00:00,796405,700.73
2018-05-12 0:00:00,751554,664.675
2018-05-13 0:00:00,735434,704.99
2018-05-14 0:00:00,775077,713.785
2018-05-15 0:00:00,749765,716.915
2018-05-16 0:00:00,779352,693.43
2018-05-17 0:00:00,803327,690.06
2018-05-18 0:00:00,805279,676.025
2018-05-19 0:00:00,783685,699.93
2018-05-20 0:00:00,744277,705.285
2018-05-21 0:00:00,770584,702.88
2018-05-22 0:00:00,779354,668.405
2018-05-23 0:00:00,807430,606.955
2018-05-24 0:00:00,788881,576.595
2018-05-25 0:00:00,770378,592.285
2018-05-26 0:00:00,724153,593.12
2018-05-27 0:00:00,738672,573.04
2018-05-28 0:00:00,835308,537.665
2018-05-29 0:00:00,785676,541.69
2018-05-30 0:00:00,789652,563.655
2018-05-31 0:00:00,809774,569.67
2018-06-01 0:00:00,740768,576.86
2018-06-02 0:00:00,742248,586.945
2018-06-03 0:00:00,777366,609.18
2018-06-04 0:00:00,778535,603.01
2018-06-05 0:00:00,754493,594.73
2018-06-06 0:00:00,724885,602.385
2018-06-07 0:00:00,742768,607.3
2018-06-08 0:00:00,689273,600.305
2018-06-09 0:00:00,736965,600.415
2018-06-10 0:00:00,733922,547.515
2018-06-11 0:00:00,739717,522.805
2018-06-12 0:00:00,737064,512.02
2018-06-13 0:00:00,769538,475.86
2018-06-14 0:00:00,744014,493.325
2018-06-15 0:00:00,739103,502.1
2018-06-16 0:00:00,618115,493.635
2018-06-17 0:00:00,621663,500.75
2018-06-18 0:00:00,672084,506.185
2018-06-19 0:00:00,742413,531.48
2018-06-20 0:00:00,777282,529.475
2018-06-21 0:00:00,733118,533.3
2018-06-22 0:00:00,747867,487.94
2018-06-23 0:00:00,657285,468.65
2018-06-24 0:00:00,651216,448.6
2018-06-25 0:00:00,806851,459.4
2018-06-26 0:00:00,713121,445.28
2018-06-27 0:00:00,756183,432.98
2018-06-28 0:00:00,728883,430.565
2018-06-29 0:00:00,717476,423.44
2018-06-30 0:00:00,620674,448.86
2018-07-01 0:00:00,614543,450.625
2018-07-02 0:00:00,483832,463.07
2018-07-03 0:00:00,564474,473.27
2018-07-04 0:00:00,439537,466.625
2018-07-05 0:00:00,514633,468.405
2018-07-06 0:00:00,451454,463.81
2018-07-07 0:00:00,471093,475.59
2018-07-08 0:00:00,607539,488.73
2018-07-09 0:00:00,637053,478.455
2018-07-10 0:00:00,673250,450.44
2018-07-11 0:00:00,627927,436.11
2018-07-12 0:00:00,554025,432.075
2018-07-13 0:00:00,554271,433.5
2018-07-14 0:00:00,502413,433.97
2018-07-15 0:00:00,443251,443.065
2018-07-16 0:00:00,685428,462.505
2018-07-17 0:00:00,684431,488.455
2018-07-18 0:00:00,724943,492.295
2018-07-19 0:00:00,713158,473.33
2018-07-20 0:00:00,654620,454.725
2018-07-21 0:00:00,594403,455.055
2018-07-22 0:00:00,650217,463.5
2018-07-23 0:00:00,731455,458.155
2018-07-24 0:00:00,765910,466.25
2018-07-25 0:00:00,765568,474.165
2018-07-26 0:00:00,711150,471.91
2018-07-27 0:00:00,760801,464.895
2018-07-28 0:00:00,680967,466.24
2018-07-29 0:00:00,698430,466.55
2018-07-30 0:00:00,738453,457.7
2018-07-31 0:00:00,728747,442.455
2018-08-01 0:00:00,729644,421.775
2018-08-02 0:00:00,758361,416.14
2018-08-03 0:00:00,719977,408.715
2018-08-04 0:00:00,696730,410.26
2018-08-05 0:00:00,678365,406.695
2018-08-06 0:00:00,674346,407.145
2018-08-07 0:00:00,614785,389.49
2018-08-08 0:00:00,537868,364.03
2018-08-09 0:00:00,512191,360.65
2018-08-10 0:00:00,573904,346.18
2018-08-11 0:00:00,629673,318.875
2018-08-12 0:00:00,617008,320.82
2018-08-13 0:00:00,668414,301.68
2018-08-14 0:00:00,669939,267.24
2018-08-15 0:00:00,631698,290.79
2018-08-16 0:00:00,688304,288.43
2018-08-17 0:00:00,576954,301.825
2018-08-18 0:00:00,603049,302.095
2018-08-19 0:00:00,574659,297.9
2018-08-20 0:00:00,647100,286.55
2018-08-21 0:00:00,592590,277.77
2018-08-22 0:00:00,576652,279.305
2018-08-23 0:00:00,584848,274.43
2018-08-24 0:00:00,575682,276.655
2018-08-25 0:00:00,565963,279.835
2018-08-26 0:00:00,559910,273.565
2018-08-27 0:00:00,629017,280.02
2018-08-28 0:00:00,602245,290.315
2018-08-29 0:00:00,535909,290.675
2018-08-30 0:00:00,579440,281.64
2018-08-31 0:00:00,564416,280.65
2018-09-01 0:00:00,642865,291.885
2018-09-02 0:00:00,599963,294.355
2018-09-03 0:00:00,615610,291.02
2018-09-04 0:00:00,571163,285.095
2018-09-05 0:00:00,610634,256.83
2018-09-06 0:00:00,574114,221.98
2018-09-07 0:00:00,568110,223.99
2018-09-08 0:00:00,528582,205.05
2018-09-09 0:00:00,554068,196.695
2018-09-10 0:00:00,548960,194.755
2018-09-11 0:00:00,544073,187.54
2018-09-12 0:00:00,558269,176.375
2018-09-13 0:00:00,542427,198.975
2018-09-14 0:00:00,503363,213.39
2018-09-15 0:00:00,466384,218.025
2018-09-16 0:00:00,445057,215.66
2018-09-17 0:00:00,538711,209.045
2018-09-18 0:00:00,488792,204.34
2018-09-19 0:00:00,498132,206.385
2018-09-20 0:00:00,487544,217.93
2018-09-21 0:00:00,533718,236.73
2018-09-22 0:00:00,459022,243.88
2018-09-23 0:00:00,459032,243.325
2018-09-24 0:00:00,464989,235.445
2018-09-25 0:00:00,507875,215.41
2018-09-26 0:00:00,482646,214.965
2018-09-27 0:00:00,490677,222.125
2018-09-28 0:00:00,489953,224.515
2018-09-29 0:00:00,422258,225.245
2018-09-30 0:00:00,466833,232.52
2018-10-01 0:00:00,464571,229.98
2018-10-02 0:00:00,476122,227.04
2018-10-03 0:00:00,539327,220.33
2018-10-04 0:00:00,544751,222.655
2018-10-05 0:00:00,573529,225.485
2018-10-06 0:00:00,579009,225.62
2018-10-07 0:00:00,483758,223.81
2018-10-08 0:00:00,528438,227.98
2018-10-09 0:00:00,522427,228.125
2018-10-10 0:00:00,495510,225.08
2018-10-11 0:00:00,547725,206.07
2018-10-12 0:00:00,541734,194.235
2018-10-13 0:00:00,523850,198.225
2018-10-14 0:00:00,493709,197.18
2018-10-15 0:00:00,547613,212.455
2018-10-16 0:00:00,561210,211.39
2018-10-17 0:00:00,566240,208.39
2018-10-18 0:00:00,551005,204.925
2018-10-19 0:00:00,587994,202.885
2018-10-20 0:00:00,520356,204.395
2018-10-21 0:00:00,488936,206.1
2018-10-22 0:00:00,555507,204.16
2018-10-23 0:00:00,543292,202.665
2018-10-24 0:00:00,521645,203.875
2018-10-25 0:00:00,523759,201.855
2018-10-26 0:00:00,535845,203.56
2018-10-27 0:00:00,484810,202.78
2018-10-28 0:00:00,497437,203.43
2018-10-29 0:00:00,598991,198.985
2018-10-30 0:00:00,594843,195.685
2018-10-31 0:00:00,565789,196.255
2018-11-01 0:00:00,573940,198.385
2018-11-02 0:00:00,531634,200.75
2018-11-03 0:00:00,494240,199.425
2018-11-04 0:00:00,500153,208.385
2018-11-05 0:00:00,568617,209.535
2018-11-06 0:00:00,584949,214.09
2018-11-07 0:00:00,552361,220.095
2018-11-08 0:00:00,544209,215.36
2018-11-09 0:00:00,534318,210.54
2018-11-10 0:00:00,474295,211.825
2018-11-11 0:00:00,517735,209.585
2018-11-12 0:00:00,559424,211.09
2018-11-13 0:00:00,541468,208.295
2018-11-14 0:00:00,571016,189.83
2018-11-15 0:00:00,547621,177.12
2018-11-16 0:00:00,537531,176.62
2018-11-17 0:00:00,490431,174.185
2018-11-18 0:00:00,471724,177.66
2018-11-19 0:00:00,609327,161.215
2018-11-20 0:00:00,610557,138.29
2018-11-21 0:00:00,563351,131.96
2018-11-22 0:00:00,556704,131.205
2018-11-23 0:00:00,548479,122.66
2018-11-24 0:00:00,485602,118.985
2018-11-25 0:00:00,519138,110.755
2018-11-26 0:00:00,545033,112.045
2018-11-27 0:00:00,555274,107.005
2018-11-28 0:00:00,610497,118.455
2018-11-29 0:00:00,541299,119.055
2018-11-30 0:00:00,580574,115.35
2018-12-01 0:00:00,508998,116.1
2018-12-02 0:00:00,481854,118.22
2018-12-03 0:00:00,537618,111.1
2018-12-04 0:00:00,553666,109.575
2018-12-05 0:00:00,582134,105.775
2018-12-06 0:00:00,578984,97.055
2018-12-07 0:00:00,560987,89.915
2018-12-08 0:00:00,542976,91.68
2018-12-09 0:00:00,497260,94.865
2018-12-10 0:00:00,544261,92.51
2018-12-11 0:00:00,525398,89.34
2018-12-12 0:00:00,521644,89.905
2018-12-13 0:00:00,553224,88.01
2018-12-14 0:00:00,555870,84.585
2018-12-15 0:00:00,537094,83.66
2018-12-16 0:00:00,503194,86.415
2018-12-17 0:00:00,559833,91.665
2018-12-18 0:00:00,544028,98.14
2018-12-19 0:00:00,586502,104.54
2018-12-20 0:00:00,590967,109.32
2018-12-21 0:00:00,594435,113.81
2018-12-22 0:00:00,482877,112.895
2018-12-23 0:00:00,529653,127.1
2018-12-24 0:00:00,601619,146.39
2018-12-25 0:00:00,524680,132.935
2018-12-26 0:00:00,547568,132.43
2018-12-27 0:00:00,536410,124.305
2018-12-28 0:00:00,560151,128.24
2018-12-29 0:00:00,532185,142.29
2018-12-30 0:00:00,448989,137.335
2018-12-31 0:00:00,511419,136.33
2019-01-01 0:00:00,439671,138.28
2019-01-02 0:00:00,578127,150.82
2019-01-03 0:00:00,584817,151.12
2019-01-04 0:00:00,538193,153.06
2019-01-05 0:00:00,502800,159.165
2019-01-06 0:00:00,479857,156.8
2019-01-07 0:00:00,542957,155.185
2019-01-08 0:00:00,545830,151.445
2019-01-09 0:00:00,550197,153.935
2019-01-10 0:00:00,572499,138.41
2019-01-11 0:00:00,531463,126.585
2019-01-12 0:00:00,443918,126.59
2019-01-13 0:00:00,472077,120.6
2019-01-14 0:00:00,566505,124.635
2019-01-15 0:00:00,530218,124.975
2019-01-16 0:00:00,498105,124.695
2019-01-17 0:00:00,506595,121.65
2019-01-18 0:00:00,526778,121.715
2019-01-19 0:00:00,527689,124.615
2019-01-20 0:00:00,523726,119.21
2019-01-21 0:00:00,570386,116.885
2019-01-22 0:00:00,590300,116.35
2019-01-23 0:00:00,514444,118.015
2019-01-24 0:00:00,498228,116.605
2019-01-25 0:00:00,494118,116.755
2019-01-26 0:00:00,455814,117.495
2019-01-27 0:00:00,479608,114.3
2019-01-28 0:00:00,558718,107.565
2019-01-29 0:00:00,555804,104.865
2019-01-30 0:00:00,544580,107.07
2019-01-31 0:00:00,505509,108.74
2019-02-01 0:00:00,482071,106.425
2019-02-02 0:00:00,441021,109.115
2019-02-03 0:00:00,416053,108.895
2019-02-04 0:00:00,408210,107.75
2019-02-05 0:00:00,403827,106.61
2019-02-06 0:00:00,421439,104.275
2019-02-07 0:00:00,420512,104.855
2019-02-08 0:00:00,450374,113.385
2019-02-09 0:00:00,405436,119.535
2019-02-10 0:00:00,370966,121.36
2019-02-11 0:00:00,419859,122.655
2019-02-12 0:00:00,428554,121.28
2019-02-13 0:00:00,477018,123.96
2019-02-14 0:00:00,466198,122.41
2019-02-15 0:00:00,456403,122.685
2019-02-16 0:00:00,435350,123.665
2019-02-17 0:00:00,430207,129.67
2019-02-18 0:00:00,495097,141.44
2019-02-19 0:00:00,519479,147.615
2019-02-20 0:00:00,514762,145.87
2019-02-21 0:00:00,532463,147.75
2019-02-22 0:00:00,520567,147.17
2019-02-23 0:00:00,467077,154.34
2019-02-24 0:00:00,527323,150.41
2019-02-25 0:00:00,562437,137.875
2019-02-26 0:00:00,542583,136.965
2019-02-27 0:00:00,527217,134.68
2019-02-28 0:00:00,530316,137.355
2019-03-01 0:00:00,533373,137.375
2019-03-02 0:00:00,512038,133.97
2019-03-03 0:00:00,480328,132.43
2019-03-04 0:00:00,601809,127.845
2019-03-05 0:00:00,584753,132.525
2019-03-06 0:00:00,564892,138.205
2019-03-07 0:00:00,557401,138.55
2019-03-08 0:00:00,547039,136.07
2019-03-09 0:00:00,538328,136.79
2019-03-10 0:00:00,465291,136.8
2019-03-11 0:00:00,521387,134.535
2019-03-12 0:00:00,542921,132.675
2019-03-13 0:00:00,556003,133.015
2019-03-14 0:00:00,559444,133.39
2019-03-15 0:00:00,538794,135.885
2019-03-16 0:00:00,490409,141.74
2019-03-17 0:00:00,476224,139.895
2019-03-18 0:00:00,556709,140.02
2019-03-19 0:00:00,620898,138.96
2019-03-20 0:00:00,615408,138.755
2019-03-21 0:00:00,600953,137.09
2019-03-22 0:00:00,610884,136.54
2019-03-23 0:00:00,547522,137.54
2019-03-24 0:00:00,536566,136.39
2019-03-25 0:00:00,636216,134.335
2019-03-26 0:00:00,613923,133.87
2019-03-27 0:00:00,611856,137.405
2019-03-28 0:00:00,622880,138.93
2019-03-29 0:00:00,625218,141.32
2019-03-30 0:00:00,655098,144.125
2019-03-31 0:00:00,630204,142.365
2019-04-01 0:00:00,672139,142.01
2019-04-02 0:00:00,743093,154.675
2019-04-03 0:00:00,732077,166.45
2019-04-04 0:00:00,662270,159.575
2019-04-05 0:00:00,612357,162.84
2019-04-06 0:00:00,544501,167.33
2019-04-07 0:00:00,564820,171.235
2019-04-08 0:00:00,656976,180.99
2019-04-09 0:00:00,644542,178.045
2019-04-10 0:00:00,662216,177.92
2019-04-11 0:00:00,716623,169.195
2019-04-12 0:00:00,682737,163.79
2019-04-13 0:00:00,601068,164.535
2019-04-14 0:00:00,540417,166.1
2019-04-15 0:00:00,609232,163.195
2019-04-16 0:00:00,639036,163.865
2019-04-17 0:00:00,668530,166.945
2019-04-18 0:00:00,684800,171.63
2019-04-19 0:00:00,682290,172.265
2019-04-20 0:00:00,674703,174.735
2019-04-21 0:00:00,619868,170.68
2019-04-22 0:00:00,704454,171.325
2019-04-23 0:00:00,714252,173.38
2019-04-24 0:00:00,657033,166.025
2019-04-25 0:00:00,670459,157.69
2019-04-26 0:00:00,648115,154.005
2019-04-27 0:00:00,553392,158.245
2019-04-28 0:00:00,581908,158.92
2019-04-29 0:00:00,618497,155.695
2019-04-30 0:00:00,693983,161.005
2019-05-01 0:00:00,694441,163.39
2019-05-02 0:00:00,615044,160.66
2019-05-03 0:00:00,659788,166.795
2019-05-04 0:00:00,613111,165.805
2019-05-05 0:00:00,627003,162.285
2019-05-06 0:00:00,696292,169.76
2019-05-07 0:00:00,643469,175.695
2019-05-08 0:00:00,675984,169.235
2019-05-09 0:00:00,708569,170.48
2019-05-10 0:00:00,720907,172.425
2019-05-11 0:00:00,722344,189.175
2019-05-12 0:00:00,683681,193.105
2019-05-13 0:00:00,741145,196.84
2019-05-14 0:00:00,806450,207.695
2019-05-15 0:00:00,826421,233.55
2019-05-16 0:00:00,882610,261.13
2019-05-17 0:00:00,787443,246.795
2019-05-18 0:00:00,712926,240.005
2019-05-19 0:00:00,730688,248.47
2019-05-20 0:00:00,842894,250.09
2019-05-21 0:00:00,794892,255.87
2019-05-22 0:00:00,858476,250.835
2019-05-23 0:00:00,834447,239.735
2019-05-24 0:00:00,889609,249.19
2019-05-25 0:00:00,816955,253.39
2019-05-26 0:00:00,734658,258.865
2019-05-27 0:00:00,927467,271.955
2019-05-28 0:00:00,894121,270.875
2019-05-29 0:00:00,929915,267.505
2019-05-30 0:00:00,869132,264.21
2019-05-31 0:00:00,857852,256.835
2019-06-01 0:00:00,917549,268.055
2019-06-02 0:00:00,877860,268.895
2019-06-03 0:00:00,872536,258.48
2019-06-04 0:00:00,874165,242.495
2019-06-05 0:00:00,789609,243.445
2019-06-06 0:00:00,779612,243.51
2019-06-07 0:00:00,748489,249.6
2019-06-08 0:00:00,874206,246.395
2019-06-09 0:00:00,695981,235.82
2019-06-10 0:00:00,952118,237.89
2019-06-11 0:00:00,915770,243.265
2019-06-12 0:00:00,848754,253.29
2019-06-13 0:00:00,732624,259.32
2019-06-14 0:00:00,802992,258.8
2019-06-15 0:00:00,919622,267.595
2019-06-16 0:00:00,876250,271.33
2019-06-17 0:00:00,929585,271.67
2019-06-18 0:00:00,830735,267.7
2019-06-19 0:00:00,869836,266.935
2019-06-20 0:00:00,967716,270.65
2019-06-21 0:00:00,753662,284.675
2019-06-22 0:00:00,731926,304.45
2019-06-23 0:00:00,747906,312.28
2019-06-24 0:00:00,789180,303.945
2019-06-25 0:00:00,912103,311.61
2019-06-26 0:00:00,832950,338.77
2019-06-27 0:00:00,797219,308.71
2019-06-28 0:00:00,988532,301.425
2019-06-29 0:00:00,719984,307.875
2019-06-30 0:00:00,675882,305.28
2019-07-01 0:00:00,940952,289.885
2019-07-02 0:00:00,881476,284.22
2019-07-03 0:00:00,739300,296.515
2019-07-04 0:00:00,733976,292.055
2019-07-05 0:00:00,832521,287.785
2019-07-06 0:00:00,741834,291.785
2019-07-07 0:00:00,571931,297.59
2019-07-08 0:00:00,798502,308.75
2019-07-09 0:00:00,755431,310.705
2019-07-10 0:00:00,722276,298.18
2019-07-11 0:00:00,957769,275.83
2019-07-12 0:00:00,712329,272.76
2019-07-13 0:00:00,579628,268.765
2019-07-14 0:00:00,604409,246.33
2019-07-15 0:00:00,730099,219.555
2019-07-16 0:00:00,991588,212.655
2019-07-17 0:00:00,814064,206.16
2019-07-18 0:00:00,655566,217.985
2019-07-19 0:00:00,805494,220.26
2019-07-20 0:00:00,574503,228.01
2019-07-21 0:00:00,512229,223.56
2019-07-22 0:00:00,625362,219.935
2019-07-23 0:00:00,595290,213.825
2019-07-24 0:00:00,894498,209.73
2019-07-25 0:00:00,940025,220.655
2019-07-26 0:00:00,628298,216.935
2019-07-27 0:00:00,563243,213.335
2019-07-28 0:00:00,561728,205.615
2019-07-29 0:00:00,647591,210.73
2019-07-30 0:00:00,701019,209.485
2019-07-31 0:00:00,665490,214.145
2019-08-01 0:00:00,864922,215.16
2019-08-02 0:00:00,757979,218.825
2019-08-03 0:00:00,773639,220.425
2019-08-04 0:00:00,559654,220.575
2019-08-05 0:00:00,705807,229.68
2019-08-06 0:00:00,719291,231.105
2019-08-07 0:00:00,732122,225.95
2019-08-08 0:00:00,682212,220.9
2019-08-09 0:00:00,710560,214.3
2019-08-10 0:00:00,618107,207.79
2019-08-11 0:00:00,570678,211.28
2019-08-12 0:00:00,699065,213.27
2019-08-13 0:00:00,688162,207.365
2019-08-14 0:00:00,726463,196.035
2019-08-15 0:00:00,675306,181.745
2019-08-16 0:00:00,707246,183.43
2019-08-17 0:00:00,633055,184.55
2019-08-18 0:00:00,610185,190.8
2019-08-19 0:00:00,709973,198.35
2019-08-20 0:00:00,719620,198.915
2019-08-21 0:00:00,718642,188.725
2019-08-22 0:00:00,722188,188.98
2019-08-23 0:00:00,718554,192.655
2019-08-24 0:00:00,672720,190.555
2019-08-25 0:00:00,664225,188
2019-08-26 0:00:00,734108,190.045
2019-08-27 0:00:00,735499,186.895
2019-08-28 0:00:00,708383,177.18
2019-08-29 0:00:00,711563,168.855
2019-08-30 0:00:00,699309,168.21
2019-08-31 0:00:00,664545,170.64
2019-09-01 0:00:00,673133,171.06
2019-09-02 0:00:00,742104,176.12
2019-09-03 0:00:00,735643,178.88
2019-09-04 0:00:00,699307,177.26
2019-09-05 0:00:00,752091,172.965
2019-09-06 0:00:00,751351,172.025
2019-09-07 0:00:00,663346,174.895
2019-09-08 0:00:00,663074,180.78
2019-09-09 0:00:00,743801,181.12
2019-09-10 0:00:00,677719,180.71
2019-09-11 0:00:00,693753,178.43
2019-09-12 0:00:00,712122,179.79
2019-09-13 0:00:00,613217,179.91
2019-09-14 0:00:00,619710,184.94
2019-09-15 0:00:00,621696,188.805
2019-09-16 0:00:00,720443,194.225
2019-09-17 0:00:00,670480,205.745
2019-09-18 0:00:00,693550,212.7
2019-09-19 0:00:00,677950,213.11
2019-09-20 0:00:00,705491,217.35
2019-09-21 0:00:00,582545,217.58
2019-09-22 0:00:00,563302,210.94
2019-09-23 0:00:00,627453,205.26
2019-09-24 0:00:00,688133,179.31
2019-09-25 0:00:00,665065,168.925
2019-09-26 0:00:00,645106,161.985
2019-09-27 0:00:00,611945,169.395
2019-09-28 0:00:00,597083,172.42
2019-09-29 0:00:00,584002,169.935
2019-09-30 0:00:00,672163,173.405
2019-10-01 0:00:00,629050,180.05
2019-10-02 0:00:00,611410,178.075
2019-10-03 0:00:00,598946,175.765
2019-10-04 0:00:00,578585,175.46
2019-10-05 0:00:00,585054,174.925
2019-10-06 0:00:00,564529,172.86
2019-10-07 0:00:00,621537,175.915
2019-10-08 0:00:00,700055,181.575
2019-10-09 0:00:00,738727,187.705
2019-10-10 0:00:00,694948,191.265
2019-10-11 0:00:00,692930,188.595
2019-10-12 0:00:00,624349,181.46
2019-10-13 0:00:00,557544,182.02
2019-10-14 0:00:00,640238,184.34
2019-10-15 0:00:00,679185,183.01
2019-10-16 0:00:00,683399,176.695
2019-10-17 0:00:00,692139,176.085
2019-10-18 0:00:00,720985,173.16
2019-10-19 0:00:00,654923,172.855
2019-10-20 0:00:00,603597,173.355
2019-10-21 0:00:00,668871,175.26
2019-10-22 0:00:00,712658,173.32
2019-10-23 0:00:00,724034,162.905
2019-10-24 0:00:00,714723,161.675
2019-10-25 0:00:00,728870,174.31
2019-10-26 0:00:00,705368,186.38
2019-10-27 0:00:00,633544,183.09
2019-10-28 0:00:00,709016,185.49
2019-10-29 0:00:00,693156,187.47
2019-10-30 0:00:00,706775,186.315
2019-10-31 0:00:00,732561,181.82
2019-11-01 0:00:00,692111,181.34
2019-11-02 0:00:00,581930,184.195
2019-11-03 0:00:00,561053,182.205
2019-11-04 0:00:00,659203,185.17
2019-11-05 0:00:00,728530,187.45
2019-11-06 0:00:00,695097,191.33
2019-11-07 0:00:00,809546,188.41
2019-11-08 0:00:00,686853,184.59
2019-11-09 0:00:00,591297,184.28
2019-11-10 0:00:00,598678,187.805
2019-11-11 0:00:00,698631,187.26
2019-11-12 0:00:00,695154,184.93
2019-11-13 0:00:00,704210,187.51
2019-11-14 0:00:00,665953,185.88
2019-11-15 0:00:00,671227,182.105
2019-11-16 0:00:00,585684,181.435
2019-11-17 0:00:00,588261,183.51
2019-11-18 0:00:00,720226,179.68
2019-11-19 0:00:00,722066,175.68
2019-11-20 0:00:00,676314,175.56
2019-11-21 0:00:00,729885,166.115
2019-11-22 0:00:00,773147,150.6
2019-11-23 0:00:00,618543,150.75
2019-11-24 0:00:00,584411,146.35
2019-11-25 0:00:00,743040,142.195
2019-11-26 0:00:00,663719,147.05
2019-11-27 0:00:00,658016,148.68
2019-11-28 0:00:00,609206,152.335
2019-11-29 0:00:00,655779,154.405
2019-11-30 0:00:00,574516,152.98
2019-12-01 0:00:00,606420,149.63
2019-12-02 0:00:00,670212,149.7
2019-12-03 0:00:00,601635,148.325
2019-12-04 0:00:00,651094,148.19
2019-12-05 0:00:00,609474,146.685
2019-12-06 0:00:00,565389,148.11
2019-12-07 0:00:00,478572,148.83
2019-12-08 0:00:00,425673,149.53
2019-12-09 0:00:00,620477,149.315
2019-12-10 0:00:00,618075,146.305
2019-12-11 0:00:00,613031,144.56
2019-12-12 0:00:00,623624,142.83
2019-12-13 0:00:00,610843,144.345
2019-12-14 0:00:00,541370,143.45
2019-12-15 0:00:00,516275,142.33
2019-12-16 0:00:00,619748,136.455
2019-12-17 0:00:00,629629,126.445
2019-12-18 0:00:00,649513,125.66
2019-12-19 0:00:00,609088,130.11
2019-12-20 0:00:00,600396,127.73
2019-12-21 0:00:00,533932,127.8
2019-12-22 0:00:00,519344,130.365
2019-12-23 0:00:00,620948,130.855
2019-12-24 0:00:00,593210,128.31
2019-12-25 0:00:00,556708,125.88
2019-12-26 0:00:00,578903,128.32
2019-12-27 0:00:00,571090,124.72
2019-12-28 0:00:00,507602,128.015
2019-12-29 0:00:00,472455,132.86
2019-12-30 0:00:00,575779,133.23
2019-12-31 0:00:00,545775,130.73
2020-01-01 0:00:00,456132,130.71
2020-01-02 0:00:00,489362,128.51
2020-01-03 0:00:00,572324,130.475
2020-01-04 0:00:00,550417,134.35
2020-01-05 0:00:00,514284,136.365
2020-01-06 0:00:00,616714,139.725
2020-01-07 0:00:00,635041,142.11
2020-01-08 0:00:00,640242,142.53
2020-01-09 0:00:00,607284,138.43
2020-01-10 0:00:00,591067,140.28
2020-01-11 0:00:00,536441,145.005
2020-01-12 0:00:00,512489,144.225
2020-01-13 0:00:00,553051,144.705
2020-01-14 0:00:00,657842,157.01
2020-01-15 0:00:00,685142,165.32
2020-01-16 0:00:00,680972,162.905
2020-01-17 0:00:00,658121,168.185
2020-01-18 0:00:00,614366,172.125
2020-01-19 0:00:00,602414,169.775
2020-01-20 0:00:00,585776,165.23
2020-01-21 0:00:00,547468,167.4
2020-01-22 0:00:00,504302,168.41
2020-01-23 0:00:00,542932,163.385
2020-01-24 0:00:00,487578,159.755
2020-01-25 0:00:00,427906,160.13
2020-01-26 0:00:00,420675,163.63
2020-01-27 0:00:00,467263,168.52
2020-01-28 0:00:00,516590,173.155
2020-01-29 0:00:00,539418,175.85
2020-01-30 0:00:00,550727,178.655
2020-01-31 0:00:00,558016,180.315
2020-02-01 0:00:00,523825,181.675
2020-02-02 0:00:00,518531,186.345
2020-02-03 0:00:00,607290,190.95
2020-02-04 0:00:00,511390,187.995
2020-02-05 0:00:00,595924,197.785
2020-02-06 0:00:00,592974,208.595
2020-02-07 0:00:00,610157,218.555
2020-02-08 0:00:00,637410,220.63
2020-02-09 0:00:00,606286,226.795
2020-02-10 0:00:00,652443,223.09
2020-02-11 0:00:00,688345,228.835
2020-02-12 0:00:00,777995,256.465
2020-02-13 0:00:00,745784,266.73
2020-02-14 0:00:00,756107,273.75
2020-02-15 0:00:00,682482,275.455
2020-02-16 0:00:00,646440,255.625
2020-02-17 0:00:00,681631,255.795
2020-02-18 0:00:00,717631,272.87
2020-02-19 0:00:00,676092,270.335
2020-02-20 0:00:00,673963,254.98
2020-02-21 0:00:00,654207,261.405
2020-02-22 0:00:00,590775,261.81
2020-02-23 0:00:00,592862,269
2020-02-24 0:00:00,672282,267.4
2020-02-25 0:00:00,654287,255.565
2020-02-26 0:00:00,689630,233.04
2020-02-27 0:00:00,699628,224.185
2020-02-28 0:00:00,673112,224.385
2020-02-29 0:00:00,605475,225.445
2020-03-01 0:00:00,615803,220.27
2020-03-02 0:00:00,670347,225.44
2020-03-03 0:00:00,644090,226.645
2020-03-04 0:00:00,653053,224.775
2020-03-05 0:00:00,707591,229.62
2020-03-06 0:00:00,662121,236.885
2020-03-07 0:00:00,617504,244.885
2020-03-08 0:00:00,640430,217.195
2020-03-09 0:00:00,759385,199.68
2020-03-10 0:00:00,746254,201.065
2020-03-11 0:00:00,701486,192.54
2020-03-12 0:00:00,730420,149.75
2020-03-13 0:00:00,818840,117.515
2020-03-14 0:00:00,666309,128.3
2020-03-15 0:00:00,636791,126.86
2020-03-16 0:00:00,763349,112.45
2020-03-17 0:00:00,745394,115.535
2020-03-18 0:00:00,753646,114.555
2020-03-19 0:00:00,845435,129.61
2020-03-20 0:00:00,805367,134.565
2020-03-21 0:00:00,836296,131.74
2020-03-22 0:00:00,720904,129.195
2020-03-23 0:00:00,782032,128.715
2020-03-24 0:00:00,770431,138.455
2020-03-25 0:00:00,747194,137.845
2020-03-26 0:00:00,754356,136.905
2020-03-27 0:00:00,729976,136.015
2020-03-28 0:00:00,649557,129.21
2020-03-29 0:00:00,597830,128.06
2020-03-30 0:00:00,708026,129.775
2020-03-31 0:00:00,719466,132.93
2020-04-01 0:00:00,667946,133.165
2020-04-02 0:00:00,705382,142.895
2020-04-03 0:00:00,703461,142.385
2020-04-04 0:00:00,608257,142.845
2020-04-05 0:00:00,600517,143.405
2020-04-06 0:00:00,755647,157.46
2020-04-07 0:00:00,765429,169.53
2020-04-08 0:00:00,815798,169.16
2020-04-09 0:00:00,703439,169.53
2020-04-10 0:00:00,726690,161.465
2020-04-11 0:00:00,661683,157.875
2020-04-12 0:00:00,657684,160.435
2020-04-13 0:00:00,728289,154.88
2020-04-14 0:00:00,796873,159
2020-04-15 0:00:00,773926,156.825
2020-04-16 0:00:00,771878,161.77
2020-04-17 0:00:00,768103,171.89
2020-04-18 0:00:00,764844,180.59
2020-04-19 0:00:00,723454,182.795
2020-04-20 0:00:00,809192,176.825
2020-04-21 0:00:00,796814,171.62
2020-04-22 0:00:00,773927,177.15
2020-04-23 0:00:00,808417,186.01
2020-04-24 0:00:00,827271,187.425
2020-04-25 0:00:00,769555,192.055
2020-04-26 0:00:00,781880,196.25
2020-04-27 0:00:00,824714,194.495
2020-04-28 0:00:00,819643,195.19
2020-04-29 0:00:00,876069,207.535
2020-04-30 0:00:00,875744,214.925
2020-05-01 0:00:00,802828,211.8
2020-05-02 0:00:00,744849,212.975
2020-05-03 0:00:00,767966,212.32
2020-05-04 0:00:00,753709,203.055
2020-05-05 0:00:00,758774,206.755
2020-05-06 0:00:00,807263,204.915
2020-05-07 0:00:00,856466,206.085
2020-05-08 0:00:00,866232,212.095
2020-05-09 0:00:00,869297,211.62
2020-05-10 0:00:00,842907,195.535
2020-05-11 0:00:00,857810,185.51
2020-05-12 0:00:00,849091,189.13
2020-05-13 0:00:00,834694,194.88
2020-05-14 0:00:00,799119,201.05
2020-05-15 0:00:00,871220,198.02
2020-05-16 0:00:00,853345,198.245
2020-05-17 0:00:00,783657,204.69
2020-05-18 0:00:00,837550,211.945
2020-05-19 0:00:00,820582,212.575
2020-05-20 0:00:00,833584,210.915
2020-05-21 0:00:00,848654,201.525
2020-05-22 0:00:00,897080,202.71
2020-05-23 0:00:00,847071,208.025
2020-05-24 0:00:00,801039,205.175
2020-05-25 0:00:00,858357,201.955
2020-05-26 0:00:00,898761,200.92
2020-05-27 0:00:00,877458,204.67
2020-05-28 0:00:00,890074,212.635
2020-05-29 0:00:00,930387,221.16
2020-05-30 0:00:00,867702,232.705
2020-05-31 0:00:00,834793,237.645
2020-06-01 0:00:00,913861,240.745
2020-06-02 0:00:00,963567,240.7
2020-06-03 0:00:00,880922,239.225
2020-06-04 0:00:00,914752,241.335
2020-06-05 0:00:00,886531,243.49
2020-06-06 0:00:00,928843,241.25
2020-06-07 0:00:00,926111,240.155
2020-06-08 0:00:00,947847,244.41
2020-06-09 0:00:00,904647,242.815
2020-06-10 0:00:00,921070,246.34
2020-06-11 0:00:00,908127,238.085
2020-06-12 0:00:00,871949,233.735
2020-06-13 0:00:00,818841,236.66
2020-06-14 0:00:00,771177,234.275
2020-06-15 0:00:00,895834,226.02
2020-06-16 0:00:00,889379,232.44
2020-06-17 0:00:00,866031,232.51
2020-06-18 0:00:00,899528,231.065
2020-06-19 0:00:00,928760,229.195
2020-06-20 0:00:00,921647,228.27
2020-06-21 0:00:00,959927,229.165
2020-06-22 0:00:00,1064156,237.095
2020-06-23 0:00:00,1093753,242.865
2020-06-24 0:00:00,1045071,240.065
2020-06-25 0:00:00,1015715,231.24
2020-06-26 0:00:00,991287,230.37
2020-06-27 0:00:00,991293,223.695
2020-06-28 0:00:00,965677,222.82
2020-06-29 0:00:00,1032419,225.545
2020-06-30 0:00:00,1080182,225.825
2020-07-01 0:00:00,1018524,228.49
2020-07-02 0:00:00,1017601,227.62
2020-07-03 0:00:00,996984,226.32
2020-07-04 0:00:00,922213,227.66
2020-07-05 0:00:00,856007,226.8
2020-07-06 0:00:00,996057,234.555
2020-07-07 0:00:00,1040584,239.22
2020-07-08 0:00:00,1067632,243.47
2020-07-09 0:00:00,1047679,242.83
2020-07-10 0:00:00,1014618,239
2020-07-11 0:00:00,962829,239.685
2020-07-12 0:00:00,978093,240.31
2020-07-13 0:00:00,1121975,241.36
2020-07-14 0:00:00,1075866,239.495
2020-07-15 0:00:00,1086669,239
2020-07-16 0:00:00,1040473,234.64
2020-07-17 0:00:00,1048602,233.05
2020-07-18 0:00:00,1039404,234.655
2020-07-19 0:00:00,1046919,236.66
2020-07-20 0:00:00,1116311,237.06
2020-07-21 0:00:00,1088336,241.39
2020-07-22 0:00:00,1105254,255.24
2020-07-23 0:00:00,1115462,270.765
2020-07-24 0:00:00,1114768,278.145
2020-07-25 0:00:00,1140854,294.495
2020-07-26 0:00:00,1106840,309.75
2020-07-27 0:00:00,1222456,322.55
2020-07-28 0:00:00,1193423,316.825
2020-07-29 0:00:00,1126293,319.23
2020-07-30 0:00:00,1126873,328.06
2020-07-31 0:00:00,1174132,339.28
2020-08-01 0:00:00,1139217,368.415
2020-08-02 0:00:00,1091484,379.7
2020-08-03 0:00:00,1138237,382.665
2020-08-04 0:00:00,1131864,392.01
2020-08-05 0:00:00,1147306,395.91
2020-08-06 0:00:00,1169362,397.495
2020-08-07 0:00:00,1205712,381.735
2020-08-08 0:00:00,1136926,386.95
2020-08-09 0:00:00,1176856,392.295
2020-08-10 0:00:00,1236002,393.405
2020-08-11 0:00:00,1204601,382.61
2020-08-12 0:00:00,1171514,377.795
2020-08-13 0:00:00,1155677,404.36
2020-08-14 0:00:00,1146851,431.335
2020-08-15 0:00:00,1066038,436.09
2020-08-16 0:00:00,1105236,424.945
2020-08-17 0:00:00,1139671,433.86
2020-08-18 0:00:00,1175295,424.775
2020-08-19 0:00:00,1179851,410.735
2020-08-20 0:00:00,1146082,410.86
2020-08-21 0:00:00,1208427,401.99
2020-08-22 0:00:00,1058259,388.49
2020-08-23 0:00:00,1078264,390.57
2020-08-24 0:00:00,1113251,399.055
2020-08-25 0:00:00,1095875,389.74
2020-08-26 0:00:00,1119667,385.545
2020-08-27 0:00:00,1096179,384.38
2020-08-28 0:00:00,1084109,389.08
2020-08-29 0:00:00,1074630,399.145
2020-08-30 0:00:00,1070976,414.21
2020-08-31 0:00:00,1172600,428.845
2020-09-01 0:00:00,1174052,459.315
2020-09-02 0:00:00,1097560,451.4
2020-09-03 0:00:00,1085398,412.45
2020-09-04 0:00:00,1093502,382.145
2020-09-05 0:00:00,989284,352.795
2020-09-06 0:00:00,981645,338.565
2020-09-07 0:00:00,1012307,341.105
2020-09-08 0:00:00,990450,341.16
2020-09-09 0:00:00,1014037,345.105
2020-09-10 0:00:00,1076470,363.99
2020-09-11 0:00:00,1034876,365.73
2020-09-12 0:00:00,987614,376.705
2020-09-13 0:00:00,1001547,371.74
2020-09-14 0:00:00,1031742,370.205
2020-09-15 0:00:00,1041353,372.53
2020-09-16 0:00:00,990428,364.33
2020-09-17 0:00:00,1318619,378.935
2020-09-18 0:00:00,1180102,384.15
2020-09-19 0:00:00,1042242,382.85
2020-09-20 0:00:00,1053943,375.685
2020-09-21 0:00:00,1088491,354.58
2020-09-22 0:00:00,1030112,341.345
2020-09-23 0:00:00,1037911,329.655
2020-09-24 0:00:00,1045128,334.99
2020-09-25 0:00:00,994230,348.025
2020-09-26 0:00:00,945226,351.465
2020-09-27 0:00:00,919927,354.88
2020-09-28 0:00:00,1029588,360.12
2020-09-29 0:00:00,1040824,355.54
2020-09-30 0:00:00,1038148,356.465
2020-10-01 0:00:00,977487,357.795
2020-10-02 0:00:00,961930,344.495
2020-10-03 0:00:00,915317,347.685
2020-10-04 0:00:00,934614,349.405
2020-10-05 0:00:00,978276,352.48
2020-10-06 0:00:00,1027169,346.125
2020-10-07 0:00:00,991488,338.07
2020-10-08 0:00:00,978427,343.875
2020-10-09 0:00:00,1010658,357.85
2020-10-10 0:00:00,999234,371.86
2020-10-11 0:00:00,967603,373.305
2020-10-12 0:00:00,1046331,380.52
2020-10-13 0:00:00,1076193,381.3
2020-10-14 0:00:00,1046282,380.62
2020-10-15 0:00:00,1205101,375.725
2020-10-16 0:00:00,1126630,370.735
2020-10-17 0:00:00,1019812,367.145
2020-10-18 0:00:00,961737,373.075
2020-10-19 0:00:00,1083437,378.73
2020-10-20 0:00:00,1062295,373.435
2020-10-21 0:00:00,1119349,384.985
2020-10-22 0:00:00,1152095,406.295
2020-10-23 0:00:00,1088045,410.7
2020-10-24 0:00:00,980652,412.17
2020-10-25 0:00:00,930622,410.635
2020-10-26 0:00:00,1042381,397.015
2020-10-27 0:00:00,1039943,400.325
2020-10-28 0:00:00,1089136,395.205
2020-10-29 0:00:00,1056030,387.425
2020-10-30 0:00:00,1066837,383.065
2020-10-31 0:00:00,1042988,387.35
2020-11-01 0:00:00,1003998,391.215
2020-11-02 0:00:00,1111036,391.53
2020-11-03 0:00:00,1081360,380.525
2020-11-04 0:00:00,1102325,392.86
2020-11-05 0:00:00,1091225,408.92
2020-11-06 0:00:00,1134082,436.815
2020-11-07 0:00:00,1094038,447.155
2020-11-08 0:00:00,985815,446.45
2020-11-09 0:00:00,1113074,446.645
2020-11-10 0:00:00,1116142,447.255
2020-11-11 0:00:00,1055364,463.3
2020-11-12 0:00:00,1068518,461.545
2020-11-13 0:00:00,1114952,468.035
2020-11-14 0:00:00,1036491,465.01
2020-11-15 0:00:00,1000590,451.74
2020-11-16 0:00:00,1070371,465.195
2020-11-17 0:00:00,1132922,485.535
2020-11-18 0:00:00,1083805,476.805
2020-11-19 0:00:00,1085776,475.565
2020-11-20 0:00:00,1124857,492.785
2020-11-21 0:00:00,1132067,528.1
2020-11-22 0:00:00,1107253,547.19
2020-11-23 0:00:00,1178019,580.53
2020-11-24 0:00:00,1202414,617.915
2020-11-25 0:00:00,1170459,580.51
2020-11-26 0:00:00,1137568,529.665
2020-11-27 0:00:00,1071883,512.895
2020-11-28 0:00:00,964209,539.115
2020-11-29 0:00:00,965701,563.63
2020-11-30 0:00:00,1142707,593.72
2020-12-01 0:00:00,1133793,601.265
2020-12-02 0:00:00,1036142,590.625
2020-12-03 0:00:00,1071237,605.125
2020-12-04 0:00:00,1091260,593.32
2020-12-05 0:00:00,1018823,590.315
2020-12-06 0:00:00,978137,604.72
2020-12-07 0:00:00,1056299,595.01
2020-12-08 0:00:00,1098406,572.145
2020-12-09 0:00:00,1101135,554.31
2020-12-10 0:00:00,1046971,561.895
2020-12-11 0:00:00,1063736,548.135
2020-12-12 0:00:00,1058767,558.795
2020-12-13 0:00:00,1105687,579.46
2020-12-14 0:00:00,1200948,583.69
2020-12-15 0:00:00,1167295,588.09
2020-12-16 0:00:00,1225605,610.015
2020-12-17 0:00:00,1296339,651.48
2020-12-18 0:00:00,1156974,646.915
2020-12-19 0:00:00,1119894,658.095
2020-12-20 0:00:00,1028581,641.445
2020-12-21 0:00:00,1091720,622.215
2020-12-22 0:00:00,1099665,612.895
2020-12-23 0:00:00,1213267,595.365
2020-12-24 0:00:00,1109475,590.33
2020-12-25 0:00:00,1095159,619.09
2020-12-26 0:00:00,1093671,633.795
2020-12-27 0:00:00,1129066,669.805
2020-12-28 0:00:00,1206560,714.085
2020-12-29 0:00:00,1168978,714.13
2020-12-30 0:00:00,1185141,737.905
2020-12-31 0:00:00,1126726,739.3
2021-01-01 0:00:00,1099820,733.425
2021-01-02 0:00:00,1133406,752.49
2021-01-03 0:00:00,1194969,890.94
2021-01-04 0:00:00,1239254,1026.57
2021-01-05 0:00:00,1220640,1054.795
2021-01-06 0:00:00,1248054,1136.655
2021-01-07 0:00:00,1267345,1221.03
2021-01-08 0:00:00,1255697,1170.51
2021-01-09 0:00:00,1198704,1240.77
2021-01-10 0:00:00,1179244,1256.875
2021-01-11 0:00:00,1245478,1085.98
2021-01-12 0:00:00,1132284,1078.775
2021-01-13 0:00:00,1095509,1060.99
2021-01-14 0:00:00,1150116,1166.875
2021-01-15 0:00:00,1190172,1162.28
2021-01-16 0:00:00,1158994,1223.06
2021-01-17 0:00:00,1099480,1218.045
2021-01-18 0:00:00,1180368,1222.23
2021-01-19 0:00:00,1216625,1346.075
2021-01-20 0:00:00,1175794,1321.47
2021-01-21 0:00:00,1135020,1237.795
2021-01-22 0:00:00,1145885,1160.185
2021-01-23 0:00:00,1101943,1235.06
2021-01-24 0:00:00,1081421,1310.99
2021-01-25 0:00:00,1168418,1385.755
2021-01-26 0:00:00,1156801,1312.275
2021-01-27 0:00:00,1102641,1291.08
2021-01-28 0:00:00,1158163,1290.92
2021-01-29 0:00:00,1258779,1364.82
2021-01-30 0:00:00,1181104,1366.705
2021-01-31 0:00:00,1200073,1332.65
2021-02-01 0:00:00,1255894,1324.725
2021-02-02 0:00:00,1265854,1455.52
2021-02-03 0:00:00,1275974,1590.515
2021-02-04 0:00:00,1269088,1628.015
2021-02-05 0:00:00,1273196,1677.575
2021-02-06 0:00:00,1195481,1696.395
2021-02-07 0:00:00,1191140,1594.67
2021-02-08 0:00:00,1235017,1672.615
2021-02-09 0:00:00,1279252,1767.56
2021-02-10 0:00:00,1279238,1759.755
2021-02-11 0:00:00,1230661,1762.1
2021-02-12 0:00:00,1246751,1804.135
2021-02-13 0:00:00,1207928,1820.71
2021-02-14 0:00:00,1170080,1819.405
2021-02-15 0:00:00,1166881,1748.79
2021-02-16 0:00:00,1177750,1776.28
2021-02-17 0:00:00,1212708,1795.835
2021-02-18 0:00:00,1256616,1900.48
2021-02-19 0:00:00,1288762,1932.62
2021-02-20 0:00:00,1304372,1928.94
2021-02-21 0:00:00,1201203,1930.75
2021-02-22 0:00:00,1264961,1692.28
2021-02-23 0:00:00,1256279,1571.235
2021-02-24 0:00:00,1238136,1607.095
2021-02-25 0:00:00,1193852,1565.885
2021-02-26 0:00:00,1200997,1481.82
2021-02-27 0:00:00,1166988,1476.69
2021-02-28 0:00:00,1144423,1381.875
2021-03-01 0:00:00,1154486,1493.1
2021-03-02 0:00:00,1202957,1530.42
2021-03-03 0:00:00,1193688,1567.465
2021-03-04 0:00:00,1196356,1565.315
2021-03-05 0:00:00,1149890,1496.415
2021-03-06 0:00:00,1114785,1592.53
2021-03-07 0:00:00,1125831,1683.055
2021-03-08 0:00:00,1172458,1754.83
2021-03-09 0:00:00,1233820,1835.975
2021-03-10 0:00:00,1211901,1818.35
2021-03-11 0:00:00,1243925,1786.165
2021-03-12 0:00:00,1276617,1782.02
2021-03-13 0:00:00,1250521,1836.12
2021-03-14 0:00:00,1221248,1884.795
2021-03-15 0:00:00,1264259,1813.385
2021-03-16 0:00:00,1256209,1767.885
2021-03-17 0:00:00,1222953,1790.58
2021-03-18 0:00:00,1249590,1804.6
2021-03-19 0:00:00,1251623,1787.51
2021-03-20 0:00:00,1213689,1834.965
2021-03-21 0:00:00,1149138,1782.635
2021-03-22 0:00:00,1248861,1732.385
2021-03-23 0:00:00,1253025,1686.94
2021-03-24 0:00:00,1259654,1643.615
2021-03-25 0:00:00,1300855,1585.335
2021-03-26 0:00:00,1221338,1643.495
2021-03-27 0:00:00,1179124,1699.77
2021-03-28 0:00:00,1147749,1693.875
2021-03-29 0:00:00,1221159,1758.78
2021-03-30 0:00:00,1251369,1823.195
2021-03-31 0:00:00,1283519,1859.765
2021-04-01 0:00:00,1307793,1935.415
2021-04-02 0:00:00,1303361,2046.805
2021-04-03 0:00:00,1244900,2070.76
2021-04-04 0:00:00,1156744,2036.81
2021-04-05 0:00:00,1253754,2066.865
2021-04-06 0:00:00,1289899,2098.34
2021-04-07 0:00:00,1262535,2029.805
2021-04-08 0:00:00,1237098,2017.22
2021-04-09 0:00:00,1248362,2074.92
2021-04-10 0:00:00,1268242,2126.65
2021-04-11 0:00:00,1210619,2138.655
2021-04-12 0:00:00,1308874,2151.45
2021-04-13 0:00:00,1311739,2225.13
2021-04-14 0:00:00,1342793,2364.42
2021-04-15 0:00:00,1156738,2473.48
2021-04-16 0:00:00,1376300,2426.8
2021-04-17 0:00:00,1388606,2406.235
2021-04-18 0:00:00,1348875,2158.04
2021-04-19 0:00:00,1421711,2176.31
2021-04-20 0:00:00,1493872,2201.84
2021-04-21 0:00:00,1500721,2353.76
2021-04-22 0:00:00,1514536,2477.56
2021-04-23 0:00:00,1476463,2268.98
2021-04-24 0:00:00,1341542,2265.155
2021-04-25 0:00:00,1345532,2261.86
2021-04-26 0:00:00,1403847,2424.585
2021-04-27 0:00:00,1399743,2583.405
2021-04-28 0:00:00,1463551,2660.925
2021-04-29 0:00:00,1479787,2735.785
2021-04-30 0:00:00,1392596,2763.65
2021-05-01 0:00:00,1376208,2855.79
2021-05-02 0:00:00,1348744,2920.675
2021-05-03 0:00:00,1434989,3203.755
2021-05-04 0:00:00,1485192,3358.025
2021-05-05 0:00:00,1468425,3378.665
2021-05-06 0:00:00,1486231,3494.72
2021-05-07 0:00:00,1479167,3476.53
2021-05-08 0:00:00,1615727,3707.405
2021-05-09 0:00:00,1632453,3856.43
2021-05-10 0:00:00,1622419,3961.26
2021-05-11 0:00:00,1612523,3976.395
2021-05-12 0:00:00,1529336,4078.515
2021-05-13 0:00:00,1526882,3795.94
2021-05-14 0:00:00,1471272,3936.33
2021-05-15 0:00:00,1412782,3883.975
2021-05-16 0:00:00,1365988,3614.81
2021-05-17 0:00:00,1388186,3353.71
2021-05-18 0:00:00,1362639,3403.735
2021-05-19 0:00:00,1398322,2694.585
2021-05-20 0:00:00,1408993,2579.645
2021-05-21 0:00:00,1316473,2523.695
2021-05-22 0:00:00,1240203,2322.21
2021-05-23 0:00:00,1215563,2059.255
2021-05-24 0:00:00,1264650,2378.64
2021-05-25 0:00:00,1238541,2571.57
2021-05-26 0:00:00,1276093,2780.27
2021-05-27 0:00:00,1244166,2766.485
2021-05-28 0:00:00,1252630,2547.965
2021-05-29 0:00:00,1247377,2390.925
2021-05-30 0:00:00,1231341,2329.26
2021-05-31 0:00:00,1249872,2496.83
2021-06-01 0:00:00,1227263,2635.89
2021-06-02 0:00:00,1261641,2677.39
2021-06-03 0:00:00,1281277,2776.745
2021-06-04 0:00:00,1258939,2706.915
2021-06-05 0:00:00,1141502,2685.255
2021-06-06 0:00:00,1083286,2680.51
2021-06-07 0:00:00,1186265,2711.3
2021-06-08 0:00:00,1182049,2465.9
2021-06-09 0:00:00,1150906,2517.05
2021-06-10 0:00:00,1147394,2526.44
2021-06-11 0:00:00,1149129,2409.97
2021-06-12 0:00:00,1081079,2355.75
2021-06-13 0:00:00,1086017,2430.015
2021-06-14 0:00:00,1154489,2535.54
2021-06-15 0:00:00,1189360,2573.885
2021-06-16 0:00:00,1169326,2453.015
2021-06-17 0:00:00,1175151,2382.685
2021-06-18 0:00:00,1138292,2256.275
2021-06-19 0:00:00,1019457,2221.2
2021-06-20 0:00:00,1022910,2160.175
2021-06-21 0:00:00,1176272,2064.7
2021-06-22 0:00:00,1260800,1852.265
2021-06-23 0:00:00,1171672,1936.055
2021-06-24 0:00:00,1174607,1960.37
2021-06-25 0:00:00,1194024,1905.72
2021-06-26 0:00:00,1124898,1784.635
2021-06-27 0:00:00,1072908,1896.39
2021-06-28 0:00:00,1375104,2052.715
2021-06-29 0:00:00,1239097,2160.51
2021-06-30 0:00:00,1183811,2188.3
2021-07-01 0:00:00,1171907,2175.86
2021-07-02 0:00:00,1144398,2088.785
2021-07-03 0:00:00,1084978,2176.005
2021-07-04 0:00:00,1071680,2289.255
2021-07-05 0:00:00,1116085,2241.55
2021-07-06 0:00:00,1302020,2272.315
2021-07-07 0:00:00,1243215,2351.62
2021-07-08 0:00:00,1213808,2204.675
2021-07-09 0:00:00,1184321,2117.19
2021-07-10 0:00:00,1100247,2133.16
2021-07-11 0:00:00,1060416,2127.56
2021-07-12 0:00:00,1147242,2087.955
2021-07-13 0:00:00,1138271,1981.99
2021-07-14 0:00:00,1175209,1942.835
2021-07-15 0:00:00,1201381,1960.32
2021-07-16 0:00:00,1135525,1907.57
2021-07-17 0:00:00,1092010,1884.385
2021-07-18 0:00:00,1074749,1937.55
2021-07-19 0:00:00,1138890,1862.46
2021-07-20 0:00:00,1141271,1780.35
2021-07-21 0:00:00,1146826,1892.93
2021-07-22 0:00:00,1131677,1997.72
2021-07-23 0:00:00,1146645,2064.225
2021-07-24 0:00:00,1172801,2153.73
2021-07-25 0:00:00,1080715,2153.14
2021-07-26 0:00:00,1213310,2302.845
2021-07-27 0:00:00,1271142,2236.3
2021-07-28 0:00:00,1247476,2296.15
2021-07-29 0:00:00,1211825,2333.82
2021-07-30 0:00:00,1207314,2395.125
2021-07-31 0:00:00,1171633,2488.06
2021-08-01 0:00:00,1156346,2605.86
2021-08-02 0:00:00,1236166,2586.945
2021-08-03 0:00:00,1184479,2539.78
2021-08-04 0:00:00,1188847,2614.18
2021-08-05 0:00:00,1115337,2690.27
2021-08-06 0:00:00,1173135,2835.9
2021-08-07 0:00:00,1162805,3019.74
2021-08-08 0:00:00,1144784,3070.015
2021-08-09 0:00:00,1167398,3041.69
2021-08-10 0:00:00,1164811,3143.39
2021-08-11 0:00:00,1194938,3198.65
2021-08-12 0:00:00,1154355,3110.24
2021-08-13 0:00:00,1148161,3182.41
2021-08-14 0:00:00,1114216,3270.495
2021-08-15 0:00:00,1074913,3219.315
2021-08-16 0:00:00,1215242,3237.52
2021-08-17 0:00:00,1206640,3143.25
2021-08-18 0:00:00,1158716,3039.38
2021-08-19 0:00:00,1216128,3075.635
2021-08-20 0:00:00,1226222,3240.295
2021-08-21 0:00:00,1153962,3259.73
2021-08-22 0:00:00,1145014,3202.265
2021-08-23 0:00:00,1204346,3306.64
2021-08-24 0:00:00,1190420,3255.375
2021-08-25 0:00:00,1132906,3164.535
2021-08-26 0:00:00,1129936,3155.45
2021-08-27 0:00:00,1075655,3170.14
2021-08-28 0:00:00,1093092,3250.435
2021-08-29 0:00:00,1098156,3221.03
2021-08-30 0:00:00,1157396,3247.675
2021-08-31 0:00:00,1165309,3335.41
2021-09-01 0:00:00,1182683,3613.42
2021-09-02 0:00:00,1216016,3780.805
2021-09-03 0:00:00,1141711,3869.495
2021-09-04 0:00:00,1128839,3902.465
2021-09-05 0:00:00,1084024,3909.28
2021-09-06 0:00:00,1159088,3922.34
2021-09-07 0:00:00,1235454,3559.01
2021-09-08 0:00:00,1137791,3389.4
2021-09-09 0:00:00,1158882,3481.705
2021-09-10 0:00:00,1196581,3331.495
2021-09-11 0:00:00,1214601,3274.575
2021-09-12 0:00:00,1176299,3351.91
2021-09-13 0:00:00,1227531,3275.17
2021-09-14 0:00:00,1191824,3354.845
2021-09-15 0:00:00,1177143,3489.78
2021-09-16 0:00:00,1182415,3579.195
2021-09-17 0:00:00,1147777,3474.03
2021-09-18 0:00:00,1110271,3456.115
2021-09-19 0:00:00,1084921,3369.21
2021-09-20 0:00:00,1124508,3135.45
2021-09-21 0:00:00,1144630,2890.635
2021-09-22 0:00:00,1134348,2914.51
2021-09-23 0:00:00,1139063,3107.275
2021-09-24 0:00:00,1113735,2953
2021-09-25 0:00:00,1084957,2887.17
2021-09-26 0:00:00,1049684,2929.565
2021-09-27 0:00:00,1091684,3045.935
2021-09-28 0:00:00,1067125,2880.835
2021-09-29 0:00:00,1091269,2866.88
2021-09-30 0:00:00,1066538,2943.53
2021-10-01 0:00:00,1164998,3151.66
2021-10-02 0:00:00,1079771,3364.805
2021-10-03 0:00:00,1074298,3416.695
2021-10-04 0:00:00,1077312,3359.58
2021-10-05 0:00:00,1182786,3456.34
2021-10-06 0:00:00,1291628,3485.92
2021-10-07 0:00:00,1291107,3518.87
2021-10-08 0:00:00,1244333,3602.725
2021-10-09 0:00:00,1163748,3586.57
2021-10-10 0:00:00,1102612,3507.325
2021-10-11 0:00:00,1143473,3498.545
2021-10-12 0:00:00,1156594,3476.55
2021-10-13 0:00:00,1143084,3513.34
2021-10-14 0:00:00,1179468,3707.865
2021-10-15 0:00:00,1211303,3818.655
2021-10-16 0:00:00,1151204,3886.235
2021-10-17 0:00:00,1114392,3784.715
2021-10-18 0:00:00,1154623,3785.895
2021-10-19 0:00:00,1198601,3811.07
2021-10-20 0:00:00,1225265,3999.345
2021-10-21 0:00:00,1236205,4194.225
2021-10-22 0:00:00,1213708,4030.285
2021-10-23 0:00:00,1198057,4054.8
2021-10-24 0:00:00,1224650,4074.535
2021-10-25 0:00:00,1249257,4152.625
2021-10-26 0:00:00,1292037,4194.795
2021-10-27 0:00:00,1329010,4115.31
2021-10-28 0:00:00,1467650,4095.745
2021-10-29 0:00:00,1416874,4364.175
2021-10-30 0:00:00,1332229,4337.555
2021-10-31 0:00:00,1261660,4283.13
2021-11-01 0:00:00,1302283,4268.505
2021-11-02 0:00:00,1355798,4445.61
2021-11-03 0:00:00,1376937,4563.375
2021-11-04 0:00:00,1315186,4515.995
2021-11-05 0:00:00,1294257,4510.03
2021-11-06 0:00:00,1213662,4431.455
2021-11-07 0:00:00,1240231,4572.86
2021-11-08 0:00:00,1284385,4720.29
2021-11-09 0:00:00,1275236,4775.56
2021-11-10 0:00:00,1341166,4677.075
2021-11-11 0:00:00,1299201,4680.32
2021-11-12 0:00:00,1303460,4659.09
2021-11-13 0:00:00,1263141,4646.53
2021-11-14 0:00:00,1241029,4605.94
2021-11-15 0:00:00,1245503,4656.085
2021-11-16 0:00:00,1271174,4341.94
2021-11-17 0:00:00,1319196,4185.79
2021-11-18 0:00:00,1245783,4153.425
2021-11-19 0:00:00,1220185,4144.875
2021-11-20 0:00:00,1128638,4323.33
2021-11-21 0:00:00,1223474,4338.13
2021-11-22 0:00:00,1171177,4171.805
2021-11-23 0:00:00,1221270,4226.295
2021-11-24 0:00:00,1305347,4271.355
2021-11-25 0:00:00,1266720,4401.985
2021-11-26 0:00:00,1261892,4239.07
2021-11-27 0:00:00,1163221,4109.405
2021-11-28 0:00:00,1092775,4134.245
2021-11-29 0:00:00,1210822,4372.555
2021-11-30 0:00:00,1246205,4554.27
2021-12-01 0:00:00,1191394,4654.8
2021-12-02 0:00:00,1228673,4536.16
2021-12-03 0:00:00,1184522,4374.3
2021-12-04 0:00:00,1204279,3965.26
2021-12-05 0:00:00,1355388,4147.5
2021-12-06 0:00:00,1217390,4149.85
2021-12-07 0:00:00,1201033,4346.08
2021-12-08 0:00:00,1271865,4342.585
2021-12-09 0:00:00,1223173,4283.6
2021-12-10 0:00:00,1204855,4059.81
2021-12-11 0:00:00,1168286,3967.42
2021-12-12 0:00:00,1154958,4084.83
2021-12-13 0:00:00,1211222,3908.795
2021-12-14 0:00:00,1188896,3785.215
2021-12-15 0:00:00,1227398,3873.3
2021-12-16 0:00:00,1130920,4033.585
2021-12-17 0:00:00,1211079,3848.18
2021-12-18 0:00:00,1120440,3883.925
2021-12-19 0:00:00,1095879,3960.145
2021-12-20 0:00:00,1164850,3869.345
2021-12-21 0:00:00,1174693,3987.665
2021-12-22 0:00:00,1201550,4007.93
2021-12-23 0:00:00,1208694,4025.805
2021-12-24 0:00:00,1258509,4076.1
2021-12-25 0:00:00,1243552,4082.56
2021-12-26 0:00:00,1180785,4057.3
2021-12-27 0:00:00,1220029,4079.46
2021-12-28 0:00:00,1202600,3899.745
2021-12-29 0:00:00,1203630,3716.1
2021-12-30 0:00:00,1223901,3678.96
2021-12-31 0:00:00,1184815,3718.08
2022-01-01 0:00:00,1154164,3726.105
2022-01-02 0:00:00,1121678,3786.465
2022-01-03 0:00:00,1177804,3766.665
2022-01-04 0:00:00,1185592,3803.115
2022-01-05 0:00:00,1216434,3636.21
2022-01-06 0:00:00,1184099,3424.71
2022-01-07 0:00:00,1154212,3248.27
2022-01-08 0:00:00,1146162,3123.79
2022-01-09 0:00:00,1062346,3135.08
2022-01-10 0:00:00,1194254,3054.93
2022-01-11 0:00:00,1234942,3159.24
2022-01-12 0:00:00,1232179,3311.69
2022-01-13 0:00:00,1243043,3323.645
2022-01-14 0:00:00,1180781,3267.645
2022-01-15 0:00:00,1141720,3317.575
2022-01-16 0:00:00,1130191,3334.08
2022-01-17 0:00:00,1149781,3250.885
2022-01-18 0:00:00,1130109,3164.825
2022-01-19 0:00:00,1175698,3111.62
2022-01-20 0:00:00,1155514,3130.01
2022-01-21 0:00:00,1155413,2753.46
2022-01-22 0:00:00,1168176,2466.185
2022-01-23 0:00:00,1050844,2461.135
2022-01-24 0:00:00,1110524,2351.22
2022-01-25 0:00:00,1135628,2430
2022-01-26 0:00:00,1109699,2563.07
2022-01-27 0:00:00,1092799,2418.77
2022-01-28 0:00:00,1092673,2459.32
2022-01-29 0:00:00,1086696,2579.92
2022-01-30 0:00:00,1117918,2592.2
2022-01-31 0:00:00,1145434,2593.47
2022-02-01 0:00:00,1136873,2745.515
2022-02-02 0:00:00,1102591,2713.235
2022-02-03 0:00:00,1078540,2651.435
2022-02-04 0:00:00,1139031,2835.95
2022-02-05 0:00:00,1182851,3012.585
2022-02-06 0:00:00,1141206,3014.125
2022-02-07 0:00:00,1127654,3094.27
2022-02-08 0:00:00,1146874,3131.09
2022-02-09 0:00:00,1163934,3165.275
2022-02-10 0:00:00,1156831,3171.43
2022-02-11 0:00:00,1147646,3010.115
2022-02-12 0:00:00,1079295,2923.035
2022-02-13 0:00:00,1086171,2896.815
2022-02-14 0:00:00,1114104,2899.11
2022-02-15 0:00:00,1151696,3055.435
2022-02-16 0:00:00,1156713,3117.41
2022-02-17 0:00:00,1106697,3008.265
2022-02-18 0:00:00,1216043,2849.435
2022-02-19 0:00:00,1107393,2765.59
2022-02-20 0:00:00,1309058,2670.97
2022-02-21 0:00:00,1081246,2660.51
2022-02-22 0:00:00,1091870,2584.405
2022-02-23 0:00:00,1106430,2666.61
2022-02-24 0:00:00,1150585,2505.15
2022-02-25 0:00:00,1100175,2705.095
2022-02-26 0:00:00,1130491,2801.575
2022-02-27 0:00:00,1096474,2698.125
2022-02-28 0:00:00,1078168,2758.42
2022-03-01 0:00:00,1130023,2948.475
2022-03-02 0:00:00,1157563,2976.05
2022-03-03 0:00:00,1124196,2880.945
2022-03-04 0:00:00,1135199,2706.305
2022-03-05 0:00:00,1044577,2637.155
2022-03-06 0:00:00,1080513,2612.845
2022-03-07 0:00:00,1145920,2548.435
2022-03-08 0:00:00,1164909,2555.04
2022-03-09 0:00:00,1152945,2669.79
2022-03-10 0:00:00,1202732,2649.69
2022-03-11 0:00:00,1085841,2597.81
2022-03-12 0:00:00,1087849,2584.165
2022-03-13 0:00:00,1012489,2550.24
2022-03-14 0:00:00,1072402,2556.01
2022-03-15 0:00:00,1160269,2590.4
2022-03-16 0:00:00,1206769,2697.535
2022-03-17 0:00:00,1131539,2792.795
2022-03-18 0:00:00,1228057,2874.815
2022-03-19 0:00:00,1101729,2945.16
2022-03-20 0:00:00,1088507,2892.03
2022-03-21 0:00:00,1123893,2897.555
2022-03-22 0:00:00,1184311,2969.05
2022-03-23 0:00:00,1136914,2982.675
2022-03-24 0:00:00,1119495,3066.85
2022-03-25 0:00:00,1118765,3137.42
2022-03-26 0:00:00,1084959,3120.125
2022-03-27 0:00:00,1091212,3213.675
2022-03-28 0:00:00,1179709,3355.215
2022-03-29 0:00:00,1167377,3406.89
2022-03-30 0:00:00,1121111,3392.42
2022-03-31 0:00:00,1132713,3353.79
2022-04-01 0:00:00,1126315,3347.9
2022-04-02 0:00:00,1057605,3483.4
2022-04-03 0:00:00,1030397,3497.5
2022-04-04 0:00:00,1067198,3477.675
2022-04-05 0:00:00,1046857,3475.285
2022-04-06 0:00:00,1086002,3285.025
2022-04-07 0:00:00,1074048,3206.54
2022-04-08 0:00:00,1063561,3243.825
2022-04-09 0:00:00,1050364,3225.965
2022-04-10 0:00:00,1055377,3250.425
2022-04-11 0:00:00,1079421,3082.72
2022-04-12 0:00:00,1072147,3019.045
2022-04-13 0:00:00,1023415,3063.58
2022-04-14 0:00:00,1070969,3060.56
2022-04-15 0:00:00,1077991,3026.355
2022-04-16 0:00:00,1026378,3048.87
2022-04-17 0:00:00,999714,3032.415
2022-04-18 0:00:00,1070193,2976.935
2022-04-19 0:00:00,1176731,3081.185
2022-04-20 0:00:00,1192698,3101.845
2022-04-21 0:00:00,1080721,3061.315
2022-04-22 0:00:00,1092623,2983.48
2022-04-23 0:00:00,1020906,2948.365
2022-04-24 0:00:00,1039176,2940.255
2022-04-25 0:00:00,1112852,2912.365
2022-04-26 0:00:00,1096841,2902.915
2022-04-27 0:00:00,1116989,2857.485
2022-04-28 0:00:00,1118763,2917.46
2022-04-29 0:00:00,1132049,2861.075
2022-04-30 0:00:00,1183274,2779.66
2022-05-01 0:00:00,1103105,2782.965
2022-05-02 0:00:00,1079755,2830.035
2022-05-03 0:00:00,1040852,2807.91
2022-05-04 0:00:00,1066979,2869.295
2022-05-05 0:00:00,1141345,2822.57
2022-05-06 0:00:00,1082318,2695.525
2022-05-07 0:00:00,1027653,2646.605
2022-05-08 0:00:00,1065185,2563.88
2022-05-09 0:00:00,1129237,2376.94
2022-05-10 0:00:00,1174260,2328.845
2022-05-11 0:00:00,1175079,2227.03
2022-05-12 0:00:00,1294525,1947.415
2022-05-13 0:00:00,1312970,2039.855
2022-05-14 0:00:00,1103032,2006.925
2022-05-15 0:00:00,1059491,2079.585
2022-05-16 0:00:00,1095650,2060.52
2022-05-17 0:00:00,1091752,2062.945
2022-05-18 0:00:00,1147037,2007.195
2022-05-19 0:00:00,1060676,1969.915
2022-05-20 0:00:00,1078717,1991.21
2022-05-21 0:00:00,1039195,1961.83
2022-05-22 0:00:00,1010157,2008.67
2022-05-23 0:00:00,1044279,2020.855
2022-05-24 0:00:00,1048653,1950.805
2022-05-25 0:00:00,1043525,1976.525
2022-05-26 0:00:00,1020747,1852.365
2022-05-27 0:00:00,1048726,1763.655
2022-05-28 0:00:00,1026536,1764.17
2022-05-29 0:00:00,1003210,1793.84
2022-05-30 0:00:00,1013859,1906.92
2022-05-31 0:00:00,1087416,1970.1
2022-06-01 0:00:00,1038540,1867.945
2022-06-02 0:00:00,1026492,1816.95
2022-06-03 0:00:00,1009744,1789.75
2022-06-04 0:00:00,953262,1780.88
2022-06-05 0:00:00,950335,1800.095
2022-06-06 0:00:00,992799,1860.845
2022-06-07 0:00:00,1000427,1798.805
2022-06-08 0:00:00,974365,1800.955
2022-06-09 0:00:00,962291,1804.055
2022-06-10 0:00:00,1041812,1728.72
2022-06-11 0:00:00,996076,1590.375
2022-06-12 0:00:00,983120,1485.52
2022-06-13 0:00:00,1074831,1309.205
2022-06-14 0:00:00,1052629,1169.76
2022-06-15 0:00:00,1060377,1129.065
2022-06-16 0:00:00,1066653,1153.42
2022-06-17 0:00:00,1064034,1083.31
2022-06-18 0:00:00,1021762,989.85
2022-06-19 0:00:00,984022,1045.29
2022-06-20 0:00:00,1007312,1109.305
2022-06-21 0:00:00,967619,1149.975
2022-06-22 0:00:00,959031,1084.43
2022-06-23 0:00:00,927586,1098.3
2022-06-24 0:00:00,970635,1187.79
2022-06-25 0:00:00,898618,1217.005
2022-06-26 0:00:00,872310,1236.97
2022-06-27 0:00:00,951611,1205.575
2022-06-28 0:00:00,934387,1185.23
2022-06-29 0:00:00,955546,1120.5
2022-06-30 0:00:00,1004306,1052.185
2022-07-01 0:00:00,1143885,1070.54
2022-07-02 0:00:00,1146133,1052.14
2022-07-03 0:00:00,1106691,1062.895
2022-07-04 0:00:00,1108659,1101.69
2022-07-05 0:00:00,1131559,1123.555
2022-07-06 0:00:00,1111231,1156.375
2022-07-07 0:00:00,1140620,1207.96
2022-07-08 0:00:00,1141232,1233.6
2022-07-09 0:00:00,1104294,1218.37
2022-07-10 0:00:00,1103955,1186.285
2022-07-11 0:00:00,1080079,1127.765
2022-07-12 0:00:00,1084427,1064.825
2022-07-13 0:00:00,1120890,1063.52
2022-07-14 0:00:00,1144309,1141.975
2022-07-15 0:00:00,1168554,1233.22
2022-07-16 0:00:00,1202399,1295.835
2022-07-17 0:00:00,1190739,1352.98
2022-07-18 0:00:00,1161613,1464.78
2022-07-19 0:00:00,1129495,1559.16
2022-07-20 0:00:00,1151667,1553.91
2022-07-21 0:00:00,1165212,1535.365
2022-07-22 0:00:00,1163784,1581.49
2022-07-23 0:00:00,1102127,1542.935
2022-07-24 0:00:00,1090337,1605.41
2022-07-25 0:00:00,1234425,1522.815
2022-07-26 0:00:00,1640575,1405.645
2022-07-27 0:00:00,1161419,1532.87
2022-07-28 0:00:00,1122646,1691.19
2022-07-29 0:00:00,1159474,1711.49
2022-07-30 0:00:00,1140959,1709.63
2022-07-31 0:00:00,1116881,1709.97
2022-08-01 0:00:00,1295540,1656.01
2022-08-02 0:00:00,1151218,1619.68
2022-08-03 0:00:00,1211775,1636.93
2022-08-04 0:00:00,1425676,1621.975
2022-08-05 0:00:00,1165688,1673.265
2022-08-06 0:00:00,1111359,1718.355
2022-08-07 0:00:00,1125091,1699.175
2022-08-08 0:00:00,1120736,1755.16
2022-08-09 0:00:00,1078487,1730.26
2022-08-10 0:00:00,1104412,1771.43
2022-08-11 0:00:00,1053189,1896.265
2022-08-12 0:00:00,1087380,1910.19
2022-08-13 0:00:00,1067417,1983.89
2022-08-14 0:00:00,1062972,1968.615
2022-08-15 0:00:00,1041000,1940.98
2022-08-16 0:00:00,1051097,1884.395
2022-08-17 0:00:00,1062652,1887.4
2022-08-18 0:00:00,1080699,1851.93
2022-08-19 0:00:00,1049826,1725.615
2022-08-20 0:00:00,1025247,1590.685
2022-08-21 0:00:00,1030375,1604.285
2022-08-22 0:00:00,1014218,1579.305
2022-08-23 0:00:00,1037249,1618.15
2022-08-24 0:00:00,1004147,1649.74
2022-08-25 0:00:00,1032753,1687.965
2022-08-26 0:00:00,1022535,1596.375
2022-08-27 0:00:00,1015406,1483.705
2022-08-28 0:00:00,987149,1467.175
2022-08-29 0:00:00,1032118,1491.09
2022-08-30 0:00:00,1006385,1540.23
2022-08-31 0:00:00,988183,1571.72
2022-09-01 0:00:00,1046912,1556.11
2022-09-02 0:00:00,1040544,1598.085
2022-09-03 0:00:00,1006109,1558.66
2022-09-04 0:00:00,1070056,1561.85
2022-09-05 0:00:00,1047325,1593.29
2022-09-06 0:00:00,1037743,1621.25
2022-09-07 0:00:00,1025470,1573.695
2022-09-08 0:00:00,1029901,1629.57
2022-09-09 0:00:00,1055817,1687.625
2022-09-10 0:00:00,966121,1748.535
2022-09-11 0:00:00,979928,1755.875
2022-09-12 0:00:00,1020411,1738.215
2022-09-13 0:00:00,1048325,1658.835
2022-09-14 0:00:00,1074440,1601.755
2022-09-15 0:00:00,1208419,1556.705
2022-09-16 0:00:00,1271079,1445.83
2022-09-17 0:00:00,1280271,1442.7
2022-09-18 0:00:00,1104584,1398.165
2022-09-19 0:00:00,1086466,1337.04
2022-09-20 0:00:00,1085429,1348.785
2022-09-21 0:00:00,1057807,1310.185
2022-09-22 0:00:00,1070468,1290.095
2022-09-23 0:00:00,1081810,1310.9
2022-09-24 0:00:00,1068697,1327.96
2022-09-25 0:00:00,1062628,1303.91
2022-09-26 0:00:00,1090118,1310.095
2022-09-27 0:00:00,1167964,1352.415
2022-09-28 0:00:00,1057789,1306.6
2022-09-29 0:00:00,1078732,1320.095
2022-09-30 0:00:00,1186647,1344.58
2022-10-01 0:00:00,1116977,1318.52
2022-10-02 0:00:00,1124236,1294.85
2022-10-03 0:00:00,1269852,1297.61
2022-10-04 0:00:00,1136407,1344.555
2022-10-05 0:00:00,1097526,1340.72
2022-10-06 0:00:00,1158357,1365.41
2022-10-07 0:00:00,1132080,1339.735
2022-10-08 0:00:00,1134956,1320.65
2022-10-09 0:00:00,1043974,1318.22
2022-10-10 0:00:00,1091098,1313.95
2022-10-11 0:00:00,1099943,1282.945
2022-10-12 0:00:00,1040567,1290.62
2022-10-13 0:00:00,1076060,1250.35
2022-10-14 0:00:00,1035950,1313.605
2022-10-15 0:00:00,1002636,1282.905
2022-10-16 0:00:00,941929,1295.005
2022-10-17 0:00:00,1017426,1317.25
2022-10-18 0:00:00,999764,1314.255
2022-10-19 0:00:00,1046297,1296.92
2022-10-20 0:00:00,1109726,1291.21
2022-10-21 0:00:00,1063442,1280.85
2022-10-22 0:00:00,922800,1307.005
2022-10-23 0:00:00,970313,1335.445
2022-10-24 0:00:00,998500,1347.46
2022-10-25 0:00:00,1006531,1429.72
2022-10-26 0:00:00,1063008,1526.485
2022-10-27 0:00:00,1071156,1541.67
2022-10-28 0:00:00,1018723,1529.395
2022-10-29 0:00:00,1001999,1605.94
2022-10-30 0:00:00,1001430,1608.745
2022-10-31 0:00:00,1016951,1591.75
2022-11-01 0:00:00,1038922,1587.635
2022-11-02 0:00:00,979104,1561.33
2022-11-03 0:00:00,1050864,1536.955
2022-11-04 0:00:00,984126,1599.895
2022-11-05 0:00:00,928245,1643.77
2022-11-06 0:00:00,935788,1602.125
2022-11-07 0:00:00,1068122,1577.665
2022-11-08 0:00:00,1091629,1415.02
2022-11-09 0:00:00,1178694,1209.165
2022-11-10 0:00:00,1144628,1218.905
2022-11-11 0:00:00,1085046,1253.465
2022-11-12 0:00:00,1004233,1262.655
2022-11-13 0:00:00,1107845,1236.2
2022-11-14 0:00:00,1157243,1229.82
2022-11-15 0:00:00,1108685,1260.68
2022-11-16 0:00:00,1056611,1226.275
2022-11-17 0:00:00,1070351,1204.475
2022-11-18 0:00:00,987111,1214.9
2022-11-19 0:00:00,893105,1214.03
2022-11-20 0:00:00,906105,1177.935
2022-11-21 0:00:00,937184,1112.155
2022-11-22 0:00:00,933805,1107.52
2022-11-23 0:00:00,948433,1157.72
2022-11-24 0:00:00,968020,1197.465
2022-11-25 0:00:00,979529,1188.065
2022-11-26 0:00:00,913028,1214.71
2022-11-27 0:00:00,861949,1205.75
2022-11-28 0:00:00,1059836,1174.475